"metric","x","value","group","x_unit","unit","definition","fishery","display_name","fishery_name","group_label"
"maturity",1,0.000617832463703172,"all","model age class","relative","Model reproductive coefficient at age",,"Reproductive coefficient",,"all"
"maturity",2,0.000617819909779826,"all","model age class","relative","Model reproductive coefficient at age",,"Reproductive coefficient",,"all"
"maturity",3,0.0062527349889161,"all","model age class","relative","Model reproductive coefficient at age",,"Reproductive coefficient",,"all"
"maturity",4,0.266193636583093,"all","model age class","relative","Model reproductive coefficient at age",,"Reproductive coefficient",,"all"
"maturity",5,0.72032903077441,"all","model age class","relative","Model reproductive coefficient at age",,"Reproductive coefficient",,"all"
"maturity",6,0.942985198334564,"all","model age class","relative","Model reproductive coefficient at age",,"Reproductive coefficient",,"all"
"maturity",7,0.99949996141633,"all","model age class","relative","Model reproductive coefficient at age",,"Reproductive coefficient",,"all"
"maturity",8,0.996698371325518,"all","model age class","relative","Model reproductive coefficient at age",,"Reproductive coefficient",,"all"
"maturity",9,0.977279305403015,"all","model age class","relative","Model reproductive coefficient at age",,"Reproductive coefficient",,"all"
"maturity",10,0.956933869446899,"all","model age class","relative","Model reproductive coefficient at age",,"Reproductive coefficient",,"all"
"maturity",11,0.939881938893879,"all","model age class","relative","Model reproductive coefficient at age",,"Reproductive coefficient",,"all"
"maturity",12,0.926492381582499,"all","model age class","relative","Model reproductive coefficient at age",,"Reproductive coefficient",,"all"
"natural_mortality",1,0.678847893772411,"all","model age class","per year","Annual instantaneous natural mortality at age",,,,"all"
"natural_mortality",2,0.553818535326457,"all","model age class","per year","Annual instantaneous natural mortality at age",,,,"all"
"natural_mortality",3,0.473298459783727,"all","model age class","per year","Annual instantaneous natural mortality at age",,,,"all"
"natural_mortality",4,0.401250454276449,"all","model age class","per year","Annual instantaneous natural mortality at age",,,,"all"
"natural_mortality",5,0.351174850907857,"all","model age class","per year","Annual instantaneous natural mortality at age",,,,"all"
"natural_mortality",6,0.33506878692078,"all","model age class","per year","Annual instantaneous natural mortality at age",,,,"all"
"natural_mortality",7,0.324474274504896,"all","model age class","per year","Annual instantaneous natural mortality at age",,,,"all"
"natural_mortality",8,0.317331050633563,"all","model age class","per year","Annual instantaneous natural mortality at age",,,,"all"
"natural_mortality",9,0.312434306662769,"all","model age class","per year","Annual instantaneous natural mortality at age",,,,"all"
"natural_mortality",10,0.30903927990422,"all","model age class","per year","Annual instantaneous natural mortality at age",,,,"all"
"natural_mortality",11,0.306666890006541,"all","model age class","per year","Annual instantaneous natural mortality at age",,,,"all"
"natural_mortality",12,0.305000000114291,"all","model age class","per year","Annual instantaneous natural mortality at age",,,,"all"
"growth",1,45.53826,"all","model age class","cm","Mean length at the start of each model age class",,,,"all"
"growth",2,55.8189188609189,"all","model age class","cm","Mean length at the start of each model age class",,,,"all"
"growth",3,65.3151330794237,"all","model age class","cm","Mean length at the start of each model age class",,,,"all"
"growth",4,77.0430327432402,"all","model age class","cm","Mean length at the start of each model age class",,,,"all"
"growth",5,88.0289457150555,"all","model age class","cm","Mean length at the start of each model age class",,,,"all"
"growth",6,92.2603151763262,"all","model age class","cm","Mean length at the start of each model age class",,,,"all"
"growth",7,95.2727359795483,"all","model age class","cm","Mean length at the start of each model age class",,,,"all"
"growth",8,97.4173558665008,"all","model age class","cm","Mean length at the start of each model age class",,,,"all"
"growth",9,98.9441659504681,"all","model age class","cm","Mean length at the start of each model age class",,,,"all"
"growth",10,100.031141337895,"all","model age class","cm","Mean length at the start of each model age class",,,,"all"
"growth",11,100.804987086806,"all","model age class","cm","Mean length at the start of each model age class",,,,"all"
"growth",12,101.355907788447,"all","model age class","cm","Mean length at the start of each model age class",,,,"all"
"weight_at_age",1,1.95664105615665,"all","model age class","kg","Mean weight at the start of each model age class",,,,"all"
"weight_at_age",2,3.64832211847554,"all","model age class","kg","Mean weight at the start of each model age class",,,,"all"
"weight_at_age",3,5.90058194640541,"all","model age class","kg","Mean weight at the start of each model age class",,,,"all"
"weight_at_age",4,9.76113172595544,"all","model age class","kg","Mean weight at the start of each model age class",,,,"all"
"weight_at_age",5,14.6479371101114,"all","model age class","kg","Mean weight at the start of each model age class",,,,"all"
"weight_at_age",6,16.9183967719749,"all","model age class","kg","Mean weight at the start of each model age class",,,,"all"
"weight_at_age",7,18.6739527304278,"all","model age class","kg","Mean weight at the start of each model age class",,,,"all"
"weight_at_age",8,19.9972117867221,"all","model age class","kg","Mean weight at the start of each model age class",,,,"all"
"weight_at_age",9,20.9775651740748,"all","model age class","kg","Mean weight at the start of each model age class",,,,"all"
"weight_at_age",10,21.6953053290643,"all","model age class","kg","Mean weight at the start of each model age class",,,,"all"
"weight_at_age",11,22.2164631586954,"all","model age class","kg","Mean weight at the start of each model age class",,,,"all"
"weight_at_age",12,22.5927010186601,"all","model age class","kg","Mean weight at the start of each model age class",,,,"all"
"selectivity",1,2.06115362243856e-09,"Fishery 1","model age class","relative selectivity","Fishery selectivity at age",1,,"1.LL.DWFN.1a","1.LL.DWFN.1a"
"selectivity",2,2.06115362243856e-09,"Fishery 1","model age class","relative selectivity","Fishery selectivity at age",1,,"1.LL.DWFN.1a","1.LL.DWFN.1a"
"selectivity",3,2.06097773738853e-09,"Fishery 1","model age class","relative selectivity","Fishery selectivity at age",1,,"1.LL.DWFN.1a","1.LL.DWFN.1a"
"selectivity",4,5.11732325642717e-05,"Fishery 1","model age class","relative selectivity","Fishery selectivity at age",1,,"1.LL.DWFN.1a","1.LL.DWFN.1a"
"selectivity",5,0.650936515416342,"Fishery 1","model age class","relative selectivity","Fishery selectivity at age",1,,"1.LL.DWFN.1a","1.LL.DWFN.1a"
"selectivity",6,7.32796032100037,"Fishery 1","model age class","relative selectivity","Fishery selectivity at age",1,,"1.LL.DWFN.1a","1.LL.DWFN.1a"
"selectivity",7,7.31925344056558,"Fishery 1","model age class","relative selectivity","Fishery selectivity at age",1,,"1.LL.DWFN.1a","1.LL.DWFN.1a"
"selectivity",8,4.86853372499719,"Fishery 1","model age class","relative selectivity","Fishery selectivity at age",1,,"1.LL.DWFN.1a","1.LL.DWFN.1a"
"selectivity",9,3.50761578893382,"Fishery 1","model age class","relative selectivity","Fishery selectivity at age",1,,"1.LL.DWFN.1a","1.LL.DWFN.1a"
"selectivity",10,2.89596481461708,"Fishery 1","model age class","relative selectivity","Fishery selectivity at age",1,,"1.LL.DWFN.1a","1.LL.DWFN.1a"
"selectivity",11,2.63804041808501,"Fishery 1","model age class","relative selectivity","Fishery selectivity at age",1,,"1.LL.DWFN.1a","1.LL.DWFN.1a"
"selectivity",12,2.63804041808501,"Fishery 1","model age class","relative selectivity","Fishery selectivity at age",1,,"1.LL.DWFN.1a","1.LL.DWFN.1a"
"selectivity",1,2.06115362243856e-09,"Fishery 2","model age class","relative selectivity","Fishery selectivity at age",2,,"2.LL.DWFN.1b","2.LL.DWFN.1b"
"selectivity",2,2.06115362243856e-09,"Fishery 2","model age class","relative selectivity","Fishery selectivity at age",2,,"2.LL.DWFN.1b","2.LL.DWFN.1b"
"selectivity",3,2.06112797894784e-09,"Fishery 2","model age class","relative selectivity","Fishery selectivity at age",2,,"2.LL.DWFN.1b","2.LL.DWFN.1b"
"selectivity",4,3.44361157310408e-06,"Fishery 2","model age class","relative selectivity","Fishery selectivity at age",2,,"2.LL.DWFN.1b","2.LL.DWFN.1b"
"selectivity",5,0.0101109736723569,"Fishery 2","model age class","relative selectivity","Fishery selectivity at age",2,,"2.LL.DWFN.1b","2.LL.DWFN.1b"
"selectivity",6,0.33362972233082,"Fishery 2","model age class","relative selectivity","Fishery selectivity at age",2,,"2.LL.DWFN.1b","2.LL.DWFN.1b"
"selectivity",7,1.28302067662463,"Fishery 2","model age class","relative selectivity","Fishery selectivity at age",2,,"2.LL.DWFN.1b","2.LL.DWFN.1b"
"selectivity",8,2.16634110527751,"Fishery 2","model age class","relative selectivity","Fishery selectivity at age",2,,"2.LL.DWFN.1b","2.LL.DWFN.1b"
"selectivity",9,2.65736999345073,"Fishery 2","model age class","relative selectivity","Fishery selectivity at age",2,,"2.LL.DWFN.1b","2.LL.DWFN.1b"
"selectivity",10,2.87497111030192,"Fishery 2","model age class","relative selectivity","Fishery selectivity at age",2,,"2.LL.DWFN.1b","2.LL.DWFN.1b"
"selectivity",11,2.95945985149344,"Fishery 2","model age class","relative selectivity","Fishery selectivity at age",2,,"2.LL.DWFN.1b","2.LL.DWFN.1b"
"selectivity",12,2.95945985149344,"Fishery 2","model age class","relative selectivity","Fishery selectivity at age",2,,"2.LL.DWFN.1b","2.LL.DWFN.1b"
"selectivity",1,2.06115362243856e-09,"Fishery 3","model age class","relative selectivity","Fishery selectivity at age",3,,"3.LL.DWFN.1c","3.LL.DWFN.1c"
"selectivity",2,2.06115362243856e-09,"Fishery 3","model age class","relative selectivity","Fishery selectivity at age",3,,"3.LL.DWFN.1c","3.LL.DWFN.1c"
"selectivity",3,2.06097773738853e-09,"Fishery 3","model age class","relative selectivity","Fishery selectivity at age",3,,"3.LL.DWFN.1c","3.LL.DWFN.1c"
"selectivity",4,5.11732325642717e-05,"Fishery 3","model age class","relative selectivity","Fishery selectivity at age",3,,"3.LL.DWFN.1c","3.LL.DWFN.1c"
"selectivity",5,0.650936515416342,"Fishery 3","model age class","relative selectivity","Fishery selectivity at age",3,,"3.LL.DWFN.1c","3.LL.DWFN.1c"
"selectivity",6,7.32796032100037,"Fishery 3","model age class","relative selectivity","Fishery selectivity at age",3,,"3.LL.DWFN.1c","3.LL.DWFN.1c"
"selectivity",7,7.31925344056558,"Fishery 3","model age class","relative selectivity","Fishery selectivity at age",3,,"3.LL.DWFN.1c","3.LL.DWFN.1c"
"selectivity",8,4.86853372499719,"Fishery 3","model age class","relative selectivity","Fishery selectivity at age",3,,"3.LL.DWFN.1c","3.LL.DWFN.1c"
"selectivity",9,3.50761578893382,"Fishery 3","model age class","relative selectivity","Fishery selectivity at age",3,,"3.LL.DWFN.1c","3.LL.DWFN.1c"
"selectivity",10,2.89596481461708,"Fishery 3","model age class","relative selectivity","Fishery selectivity at age",3,,"3.LL.DWFN.1c","3.LL.DWFN.1c"
"selectivity",11,2.63804041808501,"Fishery 3","model age class","relative selectivity","Fishery selectivity at age",3,,"3.LL.DWFN.1c","3.LL.DWFN.1c"
"selectivity",12,2.63804041808501,"Fishery 3","model age class","relative selectivity","Fishery selectivity at age",3,,"3.LL.DWFN.1c","3.LL.DWFN.1c"
"selectivity",1,2.06115362243856e-09,"Fishery 4","model age class","relative selectivity","Fishery selectivity at age",4,,"4.LL.DWFN.1d","4.LL.DWFN.1d"
"selectivity",2,2.06115362243856e-09,"Fishery 4","model age class","relative selectivity","Fishery selectivity at age",4,,"4.LL.DWFN.1d","4.LL.DWFN.1d"
"selectivity",3,2.06112797894784e-09,"Fishery 4","model age class","relative selectivity","Fishery selectivity at age",4,,"4.LL.DWFN.1d","4.LL.DWFN.1d"
"selectivity",4,3.44361157310408e-06,"Fishery 4","model age class","relative selectivity","Fishery selectivity at age",4,,"4.LL.DWFN.1d","4.LL.DWFN.1d"
"selectivity",5,0.0101109736723569,"Fishery 4","model age class","relative selectivity","Fishery selectivity at age",4,,"4.LL.DWFN.1d","4.LL.DWFN.1d"
"selectivity",6,0.33362972233082,"Fishery 4","model age class","relative selectivity","Fishery selectivity at age",4,,"4.LL.DWFN.1d","4.LL.DWFN.1d"
"selectivity",7,1.28302067662463,"Fishery 4","model age class","relative selectivity","Fishery selectivity at age",4,,"4.LL.DWFN.1d","4.LL.DWFN.1d"
"selectivity",8,2.16634110527751,"Fishery 4","model age class","relative selectivity","Fishery selectivity at age",4,,"4.LL.DWFN.1d","4.LL.DWFN.1d"
"selectivity",9,2.65736999345073,"Fishery 4","model age class","relative selectivity","Fishery selectivity at age",4,,"4.LL.DWFN.1d","4.LL.DWFN.1d"
"selectivity",10,2.87497111030192,"Fishery 4","model age class","relative selectivity","Fishery selectivity at age",4,,"4.LL.DWFN.1d","4.LL.DWFN.1d"
"selectivity",11,2.95945985149344,"Fishery 4","model age class","relative selectivity","Fishery selectivity at age",4,,"4.LL.DWFN.1d","4.LL.DWFN.1d"
"selectivity",12,2.95945985149344,"Fishery 4","model age class","relative selectivity","Fishery selectivity at age",4,,"4.LL.DWFN.1d","4.LL.DWFN.1d"
"selectivity",1,2.06115362243856e-09,"Fishery 5","model age class","relative selectivity","Fishery selectivity at age",5,,"5.LL.PICT.1ab","5.LL.PICT.1ab"
"selectivity",2,2.06115362243856e-09,"Fishery 5","model age class","relative selectivity","Fishery selectivity at age",5,,"5.LL.PICT.1ab","5.LL.PICT.1ab"
"selectivity",3,2.06115362243856e-09,"Fishery 5","model age class","relative selectivity","Fishery selectivity at age",5,,"5.LL.PICT.1ab","5.LL.PICT.1ab"
"selectivity",4,0.0328349972263532,"Fishery 5","model age class","relative selectivity","Fishery selectivity at age",5,,"5.LL.PICT.1ab","5.LL.PICT.1ab"
"selectivity",5,0.127613667496974,"Fishery 5","model age class","relative selectivity","Fishery selectivity at age",5,,"5.LL.PICT.1ab","5.LL.PICT.1ab"
"selectivity",6,0.59565467703312,"Fishery 5","model age class","relative selectivity","Fishery selectivity at age",5,,"5.LL.PICT.1ab","5.LL.PICT.1ab"
"selectivity",7,1.28670814496716,"Fishery 5","model age class","relative selectivity","Fishery selectivity at age",5,,"5.LL.PICT.1ab","5.LL.PICT.1ab"
"selectivity",8,1.82348888749557,"Fishery 5","model age class","relative selectivity","Fishery selectivity at age",5,,"5.LL.PICT.1ab","5.LL.PICT.1ab"
"selectivity",9,2.13615535290007,"Fishery 5","model age class","relative selectivity","Fishery selectivity at age",5,,"5.LL.PICT.1ab","5.LL.PICT.1ab"
"selectivity",10,2.29360425514564,"Fishery 5","model age class","relative selectivity","Fishery selectivity at age",5,,"5.LL.PICT.1ab","5.LL.PICT.1ab"
"selectivity",11,2.36589524087418,"Fishery 5","model age class","relative selectivity","Fishery selectivity at age",5,,"5.LL.PICT.1ab","5.LL.PICT.1ab"
"selectivity",12,2.36589524087418,"Fishery 5","model age class","relative selectivity","Fishery selectivity at age",5,,"5.LL.PICT.1ab","5.LL.PICT.1ab"
"selectivity",1,2.06115362243856e-09,"Fishery 6","model age class","relative selectivity","Fishery selectivity at age",6,,"6.LL.PICT.1ab","6.LL.PICT.1ab"
"selectivity",2,2.06115362243856e-09,"Fishery 6","model age class","relative selectivity","Fishery selectivity at age",6,,"6.LL.PICT.1ab","6.LL.PICT.1ab"
"selectivity",3,2.06115362243856e-09,"Fishery 6","model age class","relative selectivity","Fishery selectivity at age",6,,"6.LL.PICT.1ab","6.LL.PICT.1ab"
"selectivity",4,0.0328349972263532,"Fishery 6","model age class","relative selectivity","Fishery selectivity at age",6,,"6.LL.PICT.1ab","6.LL.PICT.1ab"
"selectivity",5,0.127613667496974,"Fishery 6","model age class","relative selectivity","Fishery selectivity at age",6,,"6.LL.PICT.1ab","6.LL.PICT.1ab"
"selectivity",6,0.59565467703312,"Fishery 6","model age class","relative selectivity","Fishery selectivity at age",6,,"6.LL.PICT.1ab","6.LL.PICT.1ab"
"selectivity",7,1.28670814496716,"Fishery 6","model age class","relative selectivity","Fishery selectivity at age",6,,"6.LL.PICT.1ab","6.LL.PICT.1ab"
"selectivity",8,1.82348888749557,"Fishery 6","model age class","relative selectivity","Fishery selectivity at age",6,,"6.LL.PICT.1ab","6.LL.PICT.1ab"
"selectivity",9,2.13615535290007,"Fishery 6","model age class","relative selectivity","Fishery selectivity at age",6,,"6.LL.PICT.1ab","6.LL.PICT.1ab"
"selectivity",10,2.29360425514564,"Fishery 6","model age class","relative selectivity","Fishery selectivity at age",6,,"6.LL.PICT.1ab","6.LL.PICT.1ab"
"selectivity",11,2.36589524087418,"Fishery 6","model age class","relative selectivity","Fishery selectivity at age",6,,"6.LL.PICT.1ab","6.LL.PICT.1ab"
"selectivity",12,2.36589524087418,"Fishery 6","model age class","relative selectivity","Fishery selectivity at age",6,,"6.LL.PICT.1ab","6.LL.PICT.1ab"
"selectivity",1,2.06115362243856e-09,"Fishery 7","model age class","relative selectivity","Fishery selectivity at age",7,,"7.LL.AZ.1ab","7.LL.AZ.1ab"
"selectivity",2,2.06115362243856e-09,"Fishery 7","model age class","relative selectivity","Fishery selectivity at age",7,,"7.LL.AZ.1ab","7.LL.AZ.1ab"
"selectivity",3,2.06115362243856e-09,"Fishery 7","model age class","relative selectivity","Fishery selectivity at age",7,,"7.LL.AZ.1ab","7.LL.AZ.1ab"
"selectivity",4,0.015106787236061,"Fishery 7","model age class","relative selectivity","Fishery selectivity at age",7,,"7.LL.AZ.1ab","7.LL.AZ.1ab"
"selectivity",5,0.0309305531636651,"Fishery 7","model age class","relative selectivity","Fishery selectivity at age",7,,"7.LL.AZ.1ab","7.LL.AZ.1ab"
"selectivity",6,0.120476071128716,"Fishery 7","model age class","relative selectivity","Fishery selectivity at age",7,,"7.LL.AZ.1ab","7.LL.AZ.1ab"
"selectivity",7,0.44141684765083,"Fishery 7","model age class","relative selectivity","Fishery selectivity at age",7,,"7.LL.AZ.1ab","7.LL.AZ.1ab"
"selectivity",8,1.0669848701385,"Fishery 7","model age class","relative selectivity","Fishery selectivity at age",7,,"7.LL.AZ.1ab","7.LL.AZ.1ab"
"selectivity",9,1.77681933123719,"Fishery 7","model age class","relative selectivity","Fishery selectivity at age",7,,"7.LL.AZ.1ab","7.LL.AZ.1ab"
"selectivity",10,2.32299514662942,"Fishery 7","model age class","relative selectivity","Fishery selectivity at age",7,,"7.LL.AZ.1ab","7.LL.AZ.1ab"
"selectivity",11,2.64549501896876,"Fishery 7","model age class","relative selectivity","Fishery selectivity at age",7,,"7.LL.AZ.1ab","7.LL.AZ.1ab"
"selectivity",12,2.64549501896876,"Fishery 7","model age class","relative selectivity","Fishery selectivity at age",7,,"7.LL.AZ.1ab","7.LL.AZ.1ab"
"selectivity",1,2.06115362243856e-09,"Fishery 8","model age class","relative selectivity","Fishery selectivity at age",8,,"8.LL.DWFN.1cd","8.LL.DWFN.1cd"
"selectivity",2,0.0423572424339195,"Fishery 8","model age class","relative selectivity","Fishery selectivity at age",8,,"8.LL.DWFN.1cd","8.LL.DWFN.1cd"
"selectivity",3,0.44460063136902,"Fishery 8","model age class","relative selectivity","Fishery selectivity at age",8,,"8.LL.DWFN.1cd","8.LL.DWFN.1cd"
"selectivity",4,1.2393642573893,"Fishery 8","model age class","relative selectivity","Fishery selectivity at age",8,,"8.LL.DWFN.1cd","8.LL.DWFN.1cd"
"selectivity",5,1.38763004345824,"Fishery 8","model age class","relative selectivity","Fishery selectivity at age",8,,"8.LL.DWFN.1cd","8.LL.DWFN.1cd"
"selectivity",6,1.56140855209448,"Fishery 8","model age class","relative selectivity","Fishery selectivity at age",8,,"8.LL.DWFN.1cd","8.LL.DWFN.1cd"
"selectivity",7,1.73502252799539,"Fishery 8","model age class","relative selectivity","Fishery selectivity at age",8,,"8.LL.DWFN.1cd","8.LL.DWFN.1cd"
"selectivity",8,1.85304113145235,"Fishery 8","model age class","relative selectivity","Fishery selectivity at age",8,,"8.LL.DWFN.1cd","8.LL.DWFN.1cd"
"selectivity",9,1.91885833091602,"Fishery 8","model age class","relative selectivity","Fishery selectivity at age",8,,"8.LL.DWFN.1cd","8.LL.DWFN.1cd"
"selectivity",10,1.95014424409122,"Fishery 8","model age class","relative selectivity","Fishery selectivity at age",8,,"8.LL.DWFN.1cd","8.LL.DWFN.1cd"
"selectivity",11,1.9622179838937,"Fishery 8","model age class","relative selectivity","Fishery selectivity at age",8,,"8.LL.DWFN.1cd","8.LL.DWFN.1cd"
"selectivity",12,1.9622179838937,"Fishery 8","model age class","relative selectivity","Fishery selectivity at age",8,,"8.LL.DWFN.1cd","8.LL.DWFN.1cd"
"selectivity",1,2.06115362243856e-09,"Fishery 9","model age class","relative selectivity","Fishery selectivity at age",9,,"9.LL.PICT.1cd","9.LL.PICT.1cd"
"selectivity",2,0.00133348334211247,"Fishery 9","model age class","relative selectivity","Fishery selectivity at age",9,,"9.LL.PICT.1cd","9.LL.PICT.1cd"
"selectivity",3,0.0800174852979291,"Fishery 9","model age class","relative selectivity","Fishery selectivity at age",9,,"9.LL.PICT.1cd","9.LL.PICT.1cd"
"selectivity",4,1.08825177307133,"Fishery 9","model age class","relative selectivity","Fishery selectivity at age",9,,"9.LL.PICT.1cd","9.LL.PICT.1cd"
"selectivity",5,2.0573215917241,"Fishery 9","model age class","relative selectivity","Fishery selectivity at age",9,,"9.LL.PICT.1cd","9.LL.PICT.1cd"
"selectivity",6,2.16701829626846,"Fishery 9","model age class","relative selectivity","Fishery selectivity at age",9,,"9.LL.PICT.1cd","9.LL.PICT.1cd"
"selectivity",7,2.02403475262923,"Fishery 9","model age class","relative selectivity","Fishery selectivity at age",9,,"9.LL.PICT.1cd","9.LL.PICT.1cd"
"selectivity",8,1.89988963599032,"Fishery 9","model age class","relative selectivity","Fishery selectivity at age",9,,"9.LL.PICT.1cd","9.LL.PICT.1cd"
"selectivity",9,1.8280025759909,"Fishery 9","model age class","relative selectivity","Fishery selectivity at age",9,,"9.LL.PICT.1cd","9.LL.PICT.1cd"
"selectivity",10,1.79334789269176,"Fishery 9","model age class","relative selectivity","Fishery selectivity at age",9,,"9.LL.PICT.1cd","9.LL.PICT.1cd"
"selectivity",11,1.77978162875866,"Fishery 9","model age class","relative selectivity","Fishery selectivity at age",9,,"9.LL.PICT.1cd","9.LL.PICT.1cd"
"selectivity",12,1.77978162875866,"Fishery 9","model age class","relative selectivity","Fishery selectivity at age",9,,"9.LL.PICT.1cd","9.LL.PICT.1cd"
"selectivity",1,2.06115362243856e-09,"Fishery 10","model age class","relative selectivity","Fishery selectivity at age",10,,"10.LL.AZ.1cd","10.LL.AZ.1cd"
"selectivity",2,0.0651834546090185,"Fishery 10","model age class","relative selectivity","Fishery selectivity at age",10,,"10.LL.AZ.1cd","10.LL.AZ.1cd"
"selectivity",3,0.593854982634738,"Fishery 10","model age class","relative selectivity","Fishery selectivity at age",10,,"10.LL.AZ.1cd","10.LL.AZ.1cd"
"selectivity",4,1.55912200094097,"Fishery 10","model age class","relative selectivity","Fishery selectivity at age",10,,"10.LL.AZ.1cd","10.LL.AZ.1cd"
"selectivity",5,1.60010309932115,"Fishery 10","model age class","relative selectivity","Fishery selectivity at age",10,,"10.LL.AZ.1cd","10.LL.AZ.1cd"
"selectivity",6,1.56350212893598,"Fishery 10","model age class","relative selectivity","Fishery selectivity at age",10,,"10.LL.AZ.1cd","10.LL.AZ.1cd"
"selectivity",7,1.55265489310625,"Fishery 10","model age class","relative selectivity","Fishery selectivity at age",10,,"10.LL.AZ.1cd","10.LL.AZ.1cd"
"selectivity",8,1.54975403785473,"Fishery 10","model age class","relative selectivity","Fishery selectivity at age",10,,"10.LL.AZ.1cd","10.LL.AZ.1cd"
"selectivity",9,1.54914431137864,"Fishery 10","model age class","relative selectivity","Fishery selectivity at age",10,,"10.LL.AZ.1cd","10.LL.AZ.1cd"
"selectivity",10,1.54909651116521,"Fishery 10","model age class","relative selectivity","Fishery selectivity at age",10,,"10.LL.AZ.1cd","10.LL.AZ.1cd"
"selectivity",11,1.54913186746126,"Fishery 10","model age class","relative selectivity","Fishery selectivity at age",10,,"10.LL.AZ.1cd","10.LL.AZ.1cd"
"selectivity",12,1.54913186746126,"Fishery 10","model age class","relative selectivity","Fishery selectivity at age",10,,"10.LL.AZ.1cd","10.LL.AZ.1cd"
"selectivity",1,0.211431606923222,"Fishery 11","model age class","relative selectivity","Fishery selectivity at age",11,,"11.TR.ALL1c","11.TR.ALL1c"
"selectivity",2,1.65473404511716,"Fishery 11","model age class","relative selectivity","Fishery selectivity at age",11,,"11.TR.ALL1c","11.TR.ALL1c"
"selectivity",3,2.61419908220736,"Fishery 11","model age class","relative selectivity","Fishery selectivity at age",11,,"11.TR.ALL1c","11.TR.ALL1c"
"selectivity",4,0.391834365071152,"Fishery 11","model age class","relative selectivity","Fishery selectivity at age",11,,"11.TR.ALL1c","11.TR.ALL1c"
"selectivity",5,0.0602673893998054,"Fishery 11","model age class","relative selectivity","Fishery selectivity at age",11,,"11.TR.ALL1c","11.TR.ALL1c"
"selectivity",6,0.0176936133281165,"Fishery 11","model age class","relative selectivity","Fishery selectivity at age",11,,"11.TR.ALL1c","11.TR.ALL1c"
"selectivity",7,0.00892566212382855,"Fishery 11","model age class","relative selectivity","Fishery selectivity at age",11,,"11.TR.ALL1c","11.TR.ALL1c"
"selectivity",8,0.00633139829761762,"Fishery 11","model age class","relative selectivity","Fishery selectivity at age",11,,"11.TR.ALL1c","11.TR.ALL1c"
"selectivity",9,0.00542670144839908,"Fishery 11","model age class","relative selectivity","Fishery selectivity at age",11,,"11.TR.ALL1c","11.TR.ALL1c"
"selectivity",10,0.00512236272127602,"Fishery 11","model age class","relative selectivity","Fishery selectivity at age",11,,"11.TR.ALL1c","11.TR.ALL1c"
"selectivity",11,0.0050590609530847,"Fishery 11","model age class","relative selectivity","Fishery selectivity at age",11,,"11.TR.ALL1c","11.TR.ALL1c"
"selectivity",12,0.0050590609530847,"Fishery 11","model age class","relative selectivity","Fishery selectivity at age",11,,"11.TR.ALL1c","11.TR.ALL1c"
"selectivity",1,0.0643898856358731,"Fishery 12","model age class","relative selectivity","Fishery selectivity at age",12,,"12.TR.All.1d","12.TR.All.1d"
"selectivity",2,0.735049363373012,"Fishery 12","model age class","relative selectivity","Fishery selectivity at age",12,,"12.TR.All.1d","12.TR.All.1d"
"selectivity",3,2.85705207886589,"Fishery 12","model age class","relative selectivity","Fishery selectivity at age",12,,"12.TR.All.1d","12.TR.All.1d"
"selectivity",4,1.14609572829393,"Fishery 12","model age class","relative selectivity","Fishery selectivity at age",12,,"12.TR.All.1d","12.TR.All.1d"
"selectivity",5,0.355052074034503,"Fishery 12","model age class","relative selectivity","Fishery selectivity at age",12,,"12.TR.All.1d","12.TR.All.1d"
"selectivity",6,0.157424916316089,"Fishery 12","model age class","relative selectivity","Fishery selectivity at age",12,,"12.TR.All.1d","12.TR.All.1d"
"selectivity",7,0.0988392644679573,"Fishery 12","model age class","relative selectivity","Fishery selectivity at age",12,,"12.TR.All.1d","12.TR.All.1d"
"selectivity",8,0.078009645195753,"Fishery 12","model age class","relative selectivity","Fishery selectivity at age",12,,"12.TR.All.1d","12.TR.All.1d"
"selectivity",9,0.0700879182798519,"Fishery 12","model age class","relative selectivity","Fishery selectivity at age",12,,"12.TR.All.1d","12.TR.All.1d"
"selectivity",10,0.0673211373957528,"Fishery 12","model age class","relative selectivity","Fishery selectivity at age",12,,"12.TR.All.1d","12.TR.All.1d"
"selectivity",11,0.066737751573608,"Fishery 12","model age class","relative selectivity","Fishery selectivity at age",12,,"12.TR.All.1d","12.TR.All.1d"
"selectivity",12,0.066737751573608,"Fishery 12","model age class","relative selectivity","Fishery selectivity at age",12,,"12.TR.All.1d","12.TR.All.1d"
"selectivity",1,2.06115362243856e-09,"Fishery 13","model age class","relative selectivity","Fishery selectivity at age",13,,"13.DN.All.1cd","13.DN.All.1cd"
"selectivity",2,0.572077740957238,"Fishery 13","model age class","relative selectivity","Fishery selectivity at age",13,,"13.DN.All.1cd","13.DN.All.1cd"
"selectivity",3,2.14812307703575,"Fishery 13","model age class","relative selectivity","Fishery selectivity at age",13,,"13.DN.All.1cd","13.DN.All.1cd"
"selectivity",4,2.27133213576797,"Fishery 13","model age class","relative selectivity","Fishery selectivity at age",13,,"13.DN.All.1cd","13.DN.All.1cd"
"selectivity",5,0.454267342897034,"Fishery 13","model age class","relative selectivity","Fishery selectivity at age",13,,"13.DN.All.1cd","13.DN.All.1cd"
"selectivity",6,0.100505630128092,"Fishery 13","model age class","relative selectivity","Fishery selectivity at age",13,,"13.DN.All.1cd","13.DN.All.1cd"
"selectivity",7,0.0379442154623131,"Fishery 13","model age class","relative selectivity","Fishery selectivity at age",13,,"13.DN.All.1cd","13.DN.All.1cd"
"selectivity",8,0.0220999011103513,"Fishery 13","model age class","relative selectivity","Fishery selectivity at age",13,,"13.DN.All.1cd","13.DN.All.1cd"
"selectivity",9,0.0168641797409477,"Fishery 13","model age class","relative selectivity","Fishery selectivity at age",13,,"13.DN.All.1cd","13.DN.All.1cd"
"selectivity",10,0.0149398380330769,"Fishery 13","model age class","relative selectivity","Fishery selectivity at age",13,,"13.DN.All.1cd","13.DN.All.1cd"
"selectivity",11,0.0142782231374475,"Fishery 13","model age class","relative selectivity","Fishery selectivity at age",13,,"13.DN.All.1cd","13.DN.All.1cd"
"selectivity",12,0.0142782231374475,"Fishery 13","model age class","relative selectivity","Fishery selectivity at age",13,,"13.DN.All.1cd","13.DN.All.1cd"
"selectivity",1,2.06115362243856e-09,"Fishery 14","model age class","relative selectivity","Fishery selectivity at age",14,,"14.LL.EPO.2a","14.LL.EPO.2a"
"selectivity",2,2.06115362243856e-09,"Fishery 14","model age class","relative selectivity","Fishery selectivity at age",14,,"14.LL.EPO.2a","14.LL.EPO.2a"
"selectivity",3,2.06115362243856e-09,"Fishery 14","model age class","relative selectivity","Fishery selectivity at age",14,,"14.LL.EPO.2a","14.LL.EPO.2a"
"selectivity",4,2.06106574469387e-09,"Fishery 14","model age class","relative selectivity","Fishery selectivity at age",14,,"14.LL.EPO.2a","14.LL.EPO.2a"
"selectivity",5,6.8996437145646e-05,"Fishery 14","model age class","relative selectivity","Fishery selectivity at age",14,,"14.LL.EPO.2a","14.LL.EPO.2a"
"selectivity",6,1.01474486857499,"Fishery 14","model age class","relative selectivity","Fishery selectivity at age",14,,"14.LL.EPO.2a","14.LL.EPO.2a"
"selectivity",7,9.86090167533608,"Fishery 14","model age class","relative selectivity","Fishery selectivity at age",14,,"14.LL.EPO.2a","14.LL.EPO.2a"
"selectivity",8,8.29929462727122,"Fishery 14","model age class","relative selectivity","Fishery selectivity at age",14,,"14.LL.EPO.2a","14.LL.EPO.2a"
"selectivity",9,4.91314193069323,"Fishery 14","model age class","relative selectivity","Fishery selectivity at age",14,,"14.LL.EPO.2a","14.LL.EPO.2a"
"selectivity",10,3.31313239185465,"Fishery 14","model age class","relative selectivity","Fishery selectivity at age",14,,"14.LL.EPO.2a","14.LL.EPO.2a"
"selectivity",11,2.64527520212554,"Fishery 14","model age class","relative selectivity","Fishery selectivity at age",14,,"14.LL.EPO.2a","14.LL.EPO.2a"
"selectivity",12,2.64527520212554,"Fishery 14","model age class","relative selectivity","Fishery selectivity at age",14,,"14.LL.EPO.2a","14.LL.EPO.2a"
"selectivity",1,2.06115362243856e-09,"Fishery 15","model age class","relative selectivity","Fishery selectivity at age",15,,"15.LL.EPO.2b","15.LL.EPO.2b"
"selectivity",2,0.00484674733082909,"Fishery 15","model age class","relative selectivity","Fishery selectivity at age",15,,"15.LL.EPO.2b","15.LL.EPO.2b"
"selectivity",3,0.208565631132054,"Fishery 15","model age class","relative selectivity","Fishery selectivity at age",15,,"15.LL.EPO.2b","15.LL.EPO.2b"
"selectivity",4,3.00551247243306,"Fishery 15","model age class","relative selectivity","Fishery selectivity at age",15,,"15.LL.EPO.2b","15.LL.EPO.2b"
"selectivity",5,1.85987040948771,"Fishery 15","model age class","relative selectivity","Fishery selectivity at age",15,,"15.LL.EPO.2b","15.LL.EPO.2b"
"selectivity",6,0.630883232340982,"Fishery 15","model age class","relative selectivity","Fishery selectivity at age",15,,"15.LL.EPO.2b","15.LL.EPO.2b"
"selectivity",7,0.280287210311891,"Fishery 15","model age class","relative selectivity","Fishery selectivity at age",15,,"15.LL.EPO.2b","15.LL.EPO.2b"
"selectivity",8,0.173704018882968,"Fishery 15","model age class","relative selectivity","Fishery selectivity at age",15,,"15.LL.EPO.2b","15.LL.EPO.2b"
"selectivity",9,0.135686053373314,"Fishery 15","model age class","relative selectivity","Fishery selectivity at age",15,,"15.LL.EPO.2b","15.LL.EPO.2b"
"selectivity",10,0.121218476970289,"Fishery 15","model age class","relative selectivity","Fishery selectivity at age",15,,"15.LL.EPO.2b","15.LL.EPO.2b"
"selectivity",11,0.116158564776904,"Fishery 15","model age class","relative selectivity","Fishery selectivity at age",15,,"15.LL.EPO.2b","15.LL.EPO.2b"
"selectivity",12,0.116158564776904,"Fishery 15","model age class","relative selectivity","Fishery selectivity at age",15,,"15.LL.EPO.2b","15.LL.EPO.2b"
"selectivity",1,2.06115362243856e-09,"Fishery 16","model age class","relative selectivity","Fishery selectivity at age",16,,"16.LL.EPO.2c","16.LL.EPO.2c"
"selectivity",2,0.0302175194973404,"Fishery 16","model age class","relative selectivity","Fishery selectivity at age",16,,"16.LL.EPO.2c","16.LL.EPO.2c"
"selectivity",3,0.40926016311138,"Fishery 16","model age class","relative selectivity","Fishery selectivity at age",16,,"16.LL.EPO.2c","16.LL.EPO.2c"
"selectivity",4,2.71433297539129,"Fishery 16","model age class","relative selectivity","Fishery selectivity at age",16,,"16.LL.EPO.2c","16.LL.EPO.2c"
"selectivity",5,2.0910201811829,"Fishery 16","model age class","relative selectivity","Fishery selectivity at age",16,,"16.LL.EPO.2c","16.LL.EPO.2c"
"selectivity",6,1.04580090112195,"Fishery 16","model age class","relative selectivity","Fishery selectivity at age",16,,"16.LL.EPO.2c","16.LL.EPO.2c"
"selectivity",7,0.616929670363422,"Fishery 16","model age class","relative selectivity","Fishery selectivity at age",16,,"16.LL.EPO.2c","16.LL.EPO.2c"
"selectivity",8,0.451156105101377,"Fishery 16","model age class","relative selectivity","Fishery selectivity at age",16,,"16.LL.EPO.2c","16.LL.EPO.2c"
"selectivity",9,0.383685900982705,"Fishery 16","model age class","relative selectivity","Fishery selectivity at age",16,,"16.LL.EPO.2c","16.LL.EPO.2c"
"selectivity",10,0.356299209773205,"Fishery 16","model age class","relative selectivity","Fishery selectivity at age",16,,"16.LL.EPO.2c","16.LL.EPO.2c"
"selectivity",11,0.346450563018463,"Fishery 16","model age class","relative selectivity","Fishery selectivity at age",16,,"16.LL.EPO.2c","16.LL.EPO.2c"
"selectivity",12,0.346450563018463,"Fishery 16","model age class","relative selectivity","Fishery selectivity at age",16,,"16.LL.EPO.2c","16.LL.EPO.2c"
"selectivity",1,0.0643898856358731,"Fishery 17","model age class","relative selectivity","Fishery selectivity at age",17,,"17.TR.EPO.2abc","17.TR.EPO.2abc"
"selectivity",2,0.735049363373012,"Fishery 17","model age class","relative selectivity","Fishery selectivity at age",17,,"17.TR.EPO.2abc","17.TR.EPO.2abc"
"selectivity",3,2.85705207886589,"Fishery 17","model age class","relative selectivity","Fishery selectivity at age",17,,"17.TR.EPO.2abc","17.TR.EPO.2abc"
"selectivity",4,1.14609572829393,"Fishery 17","model age class","relative selectivity","Fishery selectivity at age",17,,"17.TR.EPO.2abc","17.TR.EPO.2abc"
"selectivity",5,0.355052074034503,"Fishery 17","model age class","relative selectivity","Fishery selectivity at age",17,,"17.TR.EPO.2abc","17.TR.EPO.2abc"
"selectivity",6,0.157424916316089,"Fishery 17","model age class","relative selectivity","Fishery selectivity at age",17,,"17.TR.EPO.2abc","17.TR.EPO.2abc"
"selectivity",7,0.0988392644679573,"Fishery 17","model age class","relative selectivity","Fishery selectivity at age",17,,"17.TR.EPO.2abc","17.TR.EPO.2abc"
"selectivity",8,0.078009645195753,"Fishery 17","model age class","relative selectivity","Fishery selectivity at age",17,,"17.TR.EPO.2abc","17.TR.EPO.2abc"
"selectivity",9,0.0700879182798519,"Fishery 17","model age class","relative selectivity","Fishery selectivity at age",17,,"17.TR.EPO.2abc","17.TR.EPO.2abc"
"selectivity",10,0.0673211373957528,"Fishery 17","model age class","relative selectivity","Fishery selectivity at age",17,,"17.TR.EPO.2abc","17.TR.EPO.2abc"
"selectivity",11,0.066737751573608,"Fishery 17","model age class","relative selectivity","Fishery selectivity at age",17,,"17.TR.EPO.2abc","17.TR.EPO.2abc"
"selectivity",12,0.066737751573608,"Fishery 17","model age class","relative selectivity","Fishery selectivity at age",17,,"17.TR.EPO.2abc","17.TR.EPO.2abc"
"selectivity",1,2.06115362243856e-09,"Fishery 18","model age class","relative selectivity","Fishery selectivity at age",18,,"18.L.INDEX.1abcd","18.L.INDEX.1abcd"
"selectivity",2,2.06115362243856e-09,"Fishery 18","model age class","relative selectivity","Fishery selectivity at age",18,,"18.L.INDEX.1abcd","18.L.INDEX.1abcd"
"selectivity",3,0.0118171962923041,"Fishery 18","model age class","relative selectivity","Fishery selectivity at age",18,,"18.L.INDEX.1abcd","18.L.INDEX.1abcd"
"selectivity",4,0.0358297084446803,"Fishery 18","model age class","relative selectivity","Fishery selectivity at age",18,,"18.L.INDEX.1abcd","18.L.INDEX.1abcd"
"selectivity",5,0.180910999871495,"Fishery 18","model age class","relative selectivity","Fishery selectivity at age",18,,"18.L.INDEX.1abcd","18.L.INDEX.1abcd"
"selectivity",6,0.611285217080219,"Fishery 18","model age class","relative selectivity","Fishery selectivity at age",18,,"18.L.INDEX.1abcd","18.L.INDEX.1abcd"
"selectivity",7,1.28837814419201,"Fishery 18","model age class","relative selectivity","Fishery selectivity at age",18,,"18.L.INDEX.1abcd","18.L.INDEX.1abcd"
"selectivity",8,1.94241228016241,"Fishery 18","model age class","relative selectivity","Fishery selectivity at age",18,,"18.L.INDEX.1abcd","18.L.INDEX.1abcd"
"selectivity",9,2.39658669056833,"Fishery 18","model age class","relative selectivity","Fishery selectivity at age",18,,"18.L.INDEX.1abcd","18.L.INDEX.1abcd"
"selectivity",10,2.64939704501434,"Fishery 18","model age class","relative selectivity","Fishery selectivity at age",18,,"18.L.INDEX.1abcd","18.L.INDEX.1abcd"
"selectivity",11,2.76759652170716,"Fishery 18","model age class","relative selectivity","Fishery selectivity at age",18,,"18.L.INDEX.1abcd","18.L.INDEX.1abcd"
"selectivity",12,2.76759652170716,"Fishery 18","model age class","relative selectivity","Fishery selectivity at age",18,,"18.L.INDEX.1abcd","18.L.INDEX.1abcd"
"selectivity",1,0.226845194262691,"Fishery 19","model age class","relative selectivity","Fishery selectivity at age",19,,"19.TR.INDEX.1ef","19.TR.INDEX.1ef"
"selectivity",2,1.8543733294422,"Fishery 19","model age class","relative selectivity","Fishery selectivity at age",19,,"19.TR.INDEX.1ef","19.TR.INDEX.1ef"
"selectivity",3,2.56741114593919,"Fishery 19","model age class","relative selectivity","Fishery selectivity at age",19,,"19.TR.INDEX.1ef","19.TR.INDEX.1ef"
"selectivity",4,0.29336033269735,"Fishery 19","model age class","relative selectivity","Fishery selectivity at age",19,,"19.TR.INDEX.1ef","19.TR.INDEX.1ef"
"selectivity",5,0.0361856185743969,"Fishery 19","model age class","relative selectivity","Fishery selectivity at age",19,,"19.TR.INDEX.1ef","19.TR.INDEX.1ef"
"selectivity",6,0.00926826484035736,"Fishery 19","model age class","relative selectivity","Fishery selectivity at age",19,,"19.TR.INDEX.1ef","19.TR.INDEX.1ef"
"selectivity",7,0.00434095875884497,"Fishery 19","model age class","relative selectivity","Fishery selectivity at age",19,,"19.TR.INDEX.1ef","19.TR.INDEX.1ef"
"selectivity",8,0.00296823213256299,"Fishery 19","model age class","relative selectivity","Fishery selectivity at age",19,,"19.TR.INDEX.1ef","19.TR.INDEX.1ef"
"selectivity",9,0.00250285625476802,"Fishery 19","model age class","relative selectivity","Fishery selectivity at age",19,,"19.TR.INDEX.1ef","19.TR.INDEX.1ef"
"selectivity",10,0.00234816119134902,"Fishery 19","model age class","relative selectivity","Fishery selectivity at age",19,,"19.TR.INDEX.1ef","19.TR.INDEX.1ef"
"selectivity",11,0.00231611508428094,"Fishery 19","model age class","relative selectivity","Fishery selectivity at age",19,,"19.TR.INDEX.1ef","19.TR.INDEX.1ef"
"selectivity",12,0.00231611508428094,"Fishery 19","model age class","relative selectivity","Fishery selectivity at age",19,,"19.TR.INDEX.1ef","19.TR.INDEX.1ef"
"selectivity",1,2.06115362243856e-09,"Fishery 20","model age class","relative selectivity","Fishery selectivity at age",20,,"20.L.INDEX.2abc","20.L.INDEX.2abc"
"selectivity",2,2.06115362243856e-09,"Fishery 20","model age class","relative selectivity","Fishery selectivity at age",20,,"20.L.INDEX.2abc","20.L.INDEX.2abc"
"selectivity",3,2.06115362243856e-09,"Fishery 20","model age class","relative selectivity","Fishery selectivity at age",20,,"20.L.INDEX.2abc","20.L.INDEX.2abc"
"selectivity",4,2.06115362243856e-09,"Fishery 20","model age class","relative selectivity","Fishery selectivity at age",20,,"20.L.INDEX.2abc","20.L.INDEX.2abc"
"selectivity",5,1.00456580062194,"Fishery 20","model age class","relative selectivity","Fishery selectivity at age",20,,"20.L.INDEX.2abc","20.L.INDEX.2abc"
"selectivity",6,1.00298694234407,"Fishery 20","model age class","relative selectivity","Fishery selectivity at age",20,,"20.L.INDEX.2abc","20.L.INDEX.2abc"
"selectivity",7,1.00034489875887,"Fishery 20","model age class","relative selectivity","Fishery selectivity at age",20,,"20.L.INDEX.2abc","20.L.INDEX.2abc"
"selectivity",8,0.998062679828962,"Fishery 20","model age class","relative selectivity","Fishery selectivity at age",20,,"20.L.INDEX.2abc","20.L.INDEX.2abc"
"selectivity",9,0.996572831549074,"Fishery 20","model age class","relative selectivity","Fishery selectivity at age",20,,"20.L.INDEX.2abc","20.L.INDEX.2abc"
"selectivity",10,0.995727394253331,"Fishery 20","model age class","relative selectivity","Fishery selectivity at age",20,,"20.L.INDEX.2abc","20.L.INDEX.2abc"
"selectivity",11,0.995287369775401,"Fishery 20","model age class","relative selectivity","Fishery selectivity at age",20,,"20.L.INDEX.2abc","20.L.INDEX.2abc"
"selectivity",12,0.995287369775401,"Fishery 20","model age class","relative selectivity","Fishery selectivity at age",20,,"20.L.INDEX.2abc","20.L.INDEX.2abc"
"movement",1,0.0187098768,"Season 1: 1 to 2","model age class","probability","Probability of movement from source to destination region per movement event",,,,"Season 1: 1 to 2"
"movement",2,0.0144535533,"Season 1: 1 to 2","model age class","probability","Probability of movement from source to destination region per movement event",,,,"Season 1: 1 to 2"
"movement",3,0.020832468,"Season 1: 1 to 2","model age class","probability","Probability of movement from source to destination region per movement event",,,,"Season 1: 1 to 2"
"movement",4,0.0311356506,"Season 1: 1 to 2","model age class","probability","Probability of movement from source to destination region per movement event",,,,"Season 1: 1 to 2"
"movement",5,0.0391977155,"Season 1: 1 to 2","model age class","probability","Probability of movement from source to destination region per movement event",,,,"Season 1: 1 to 2"
"movement",6,0.0450119348,"Season 1: 1 to 2","model age class","probability","Probability of movement from source to destination region per movement event",,,,"Season 1: 1 to 2"
"movement",7,0.0492982361,"Season 1: 1 to 2","model age class","probability","Probability of movement from source to destination region per movement event",,,,"Season 1: 1 to 2"
"movement",8,0.0529633456,"Season 1: 1 to 2","model age class","probability","Probability of movement from source to destination region per movement event",,,,"Season 1: 1 to 2"
"movement",9,0.0561331314,"Season 1: 1 to 2","model age class","probability","Probability of movement from source to destination region per movement event",,,,"Season 1: 1 to 2"
"movement",10,0.0589000893,"Season 1: 1 to 2","model age class","probability","Probability of movement from source to destination region per movement event",,,,"Season 1: 1 to 2"
"movement",11,0.061278245,"Season 1: 1 to 2","model age class","probability","Probability of movement from source to destination region per movement event",,,,"Season 1: 1 to 2"
"movement",12,0.0662457342,"Season 1: 1 to 2","model age class","probability","Probability of movement from source to destination region per movement event",,,,"Season 1: 1 to 2"
"movement",1,0.1178444146,"Season 1: 2 to 1","model age class","probability","Probability of movement from source to destination region per movement event",,,,"Season 1: 2 to 1"
"movement",2,0.0817068412,"Season 1: 2 to 1","model age class","probability","Probability of movement from source to destination region per movement event",,,,"Season 1: 2 to 1"
"movement",3,0.0747256038,"Season 1: 2 to 1","model age class","probability","Probability of movement from source to destination region per movement event",,,,"Season 1: 2 to 1"
"movement",4,0.0882539745,"Season 1: 2 to 1","model age class","probability","Probability of movement from source to destination region per movement event",,,,"Season 1: 2 to 1"
"movement",5,0.1079844784,"Season 1: 2 to 1","model age class","probability","Probability of movement from source to destination region per movement event",,,,"Season 1: 2 to 1"
"movement",6,0.1161814814,"Season 1: 2 to 1","model age class","probability","Probability of movement from source to destination region per movement event",,,,"Season 1: 2 to 1"
"movement",7,0.1174968513,"Season 1: 2 to 1","model age class","probability","Probability of movement from source to destination region per movement event",,,,"Season 1: 2 to 1"
"movement",8,0.1168634577,"Season 1: 2 to 1","model age class","probability","Probability of movement from source to destination region per movement event",,,,"Season 1: 2 to 1"
"movement",9,0.1158795503,"Season 1: 2 to 1","model age class","probability","Probability of movement from source to destination region per movement event",,,,"Season 1: 2 to 1"
"movement",10,0.115006998,"Season 1: 2 to 1","model age class","probability","Probability of movement from source to destination region per movement event",,,,"Season 1: 2 to 1"
"movement",11,0.1141465857,"Season 1: 2 to 1","model age class","probability","Probability of movement from source to destination region per movement event",,,,"Season 1: 2 to 1"
"movement",12,0.1131661912,"Season 1: 2 to 1","model age class","probability","Probability of movement from source to destination region per movement event",,,,"Season 1: 2 to 1"
"movement",1,0.0212057418,"Season 2: 1 to 2","model age class","probability","Probability of movement from source to destination region per movement event",,,,"Season 2: 1 to 2"
"movement",2,0.0160191081,"Season 2: 1 to 2","model age class","probability","Probability of movement from source to destination region per movement event",,,,"Season 2: 1 to 2"
"movement",3,0.0215915525,"Season 2: 1 to 2","model age class","probability","Probability of movement from source to destination region per movement event",,,,"Season 2: 1 to 2"
"movement",4,0.031402154,"Season 2: 1 to 2","model age class","probability","Probability of movement from source to destination region per movement event",,,,"Season 2: 1 to 2"
"movement",5,0.0394005845,"Season 2: 1 to 2","model age class","probability","Probability of movement from source to destination region per movement event",,,,"Season 2: 1 to 2"
"movement",6,0.0447725317,"Season 2: 1 to 2","model age class","probability","Probability of movement from source to destination region per movement event",,,,"Season 2: 1 to 2"
"movement",7,0.048744526,"Season 2: 1 to 2","model age class","probability","Probability of movement from source to destination region per movement event",,,,"Season 2: 1 to 2"
"movement",8,0.0521873715,"Season 2: 1 to 2","model age class","probability","Probability of movement from source to destination region per movement event",,,,"Season 2: 1 to 2"
"movement",9,0.0551941101,"Season 2: 1 to 2","model age class","probability","Probability of movement from source to destination region per movement event",,,,"Season 2: 1 to 2"
"movement",10,0.0578555368,"Season 2: 1 to 2","model age class","probability","Probability of movement from source to destination region per movement event",,,,"Season 2: 1 to 2"
"movement",11,0.0601352936,"Season 2: 1 to 2","model age class","probability","Probability of movement from source to destination region per movement event",,,,"Season 2: 1 to 2"
"movement",12,0.064911623,"Season 2: 1 to 2","model age class","probability","Probability of movement from source to destination region per movement event",,,,"Season 2: 1 to 2"
"movement",1,0.1068326726,"Season 2: 2 to 1","model age class","probability","Probability of movement from source to destination region per movement event",,,,"Season 2: 2 to 1"
"movement",2,0.0773715969,"Season 2: 2 to 1","model age class","probability","Probability of movement from source to destination region per movement event",,,,"Season 2: 2 to 1"
"movement",3,0.0746342745,"Season 2: 2 to 1","model age class","probability","Probability of movement from source to destination region per movement event",,,,"Season 2: 2 to 1"
"movement",4,0.0874956921,"Season 2: 2 to 1","model age class","probability","Probability of movement from source to destination region per movement event",,,,"Season 2: 2 to 1"
"movement",5,0.1036019393,"Season 2: 2 to 1","model age class","probability","Probability of movement from source to destination region per movement event",,,,"Season 2: 2 to 1"
"movement",6,0.1110475468,"Season 2: 2 to 1","model age class","probability","Probability of movement from source to destination region per movement event",,,,"Season 2: 2 to 1"
"movement",7,0.1128376146,"Season 2: 2 to 1","model age class","probability","Probability of movement from source to destination region per movement event",,,,"Season 2: 2 to 1"
"movement",8,0.1126196878,"Season 2: 2 to 1","model age class","probability","Probability of movement from source to destination region per movement event",,,,"Season 2: 2 to 1"
"movement",9,0.1118748516,"Season 2: 2 to 1","model age class","probability","Probability of movement from source to destination region per movement event",,,,"Season 2: 2 to 1"
"movement",10,0.1111473833,"Season 2: 2 to 1","model age class","probability","Probability of movement from source to destination region per movement event",,,,"Season 2: 2 to 1"
"movement",11,0.1104089247,"Season 2: 2 to 1","model age class","probability","Probability of movement from source to destination region per movement event",,,,"Season 2: 2 to 1"
"movement",12,0.1094863068,"Season 2: 2 to 1","model age class","probability","Probability of movement from source to destination region per movement event",,,,"Season 2: 2 to 1"
"movement",1,0.018553443,"Season 3: 1 to 2","model age class","probability","Probability of movement from source to destination region per movement event",,,,"Season 3: 1 to 2"
"movement",2,0.0147008281,"Season 3: 1 to 2","model age class","probability","Probability of movement from source to destination region per movement event",,,,"Season 3: 1 to 2"
"movement",3,0.020086057,"Season 3: 1 to 2","model age class","probability","Probability of movement from source to destination region per movement event",,,,"Season 3: 1 to 2"
"movement",4,0.0298209164,"Season 3: 1 to 2","model age class","probability","Probability of movement from source to destination region per movement event",,,,"Season 3: 1 to 2"
"movement",5,0.0370781555,"Season 3: 1 to 2","model age class","probability","Probability of movement from source to destination region per movement event",,,,"Season 3: 1 to 2"
"movement",6,0.0420311159,"Season 3: 1 to 2","model age class","probability","Probability of movement from source to destination region per movement event",,,,"Season 3: 1 to 2"
"movement",7,0.0458229607,"Season 3: 1 to 2","model age class","probability","Probability of movement from source to destination region per movement event",,,,"Season 3: 1 to 2"
"movement",8,0.0490912362,"Season 3: 1 to 2","model age class","probability","Probability of movement from source to destination region per movement event",,,,"Season 3: 1 to 2"
"movement",9,0.0519262942,"Season 3: 1 to 2","model age class","probability","Probability of movement from source to destination region per movement event",,,,"Season 3: 1 to 2"
"movement",10,0.0544562075,"Season 3: 1 to 2","model age class","probability","Probability of movement from source to destination region per movement event",,,,"Season 3: 1 to 2"
"movement",11,0.0566146231,"Season 3: 1 to 2","model age class","probability","Probability of movement from source to destination region per movement event",,,,"Season 3: 1 to 2"
"movement",12,0.0611202443,"Season 3: 1 to 2","model age class","probability","Probability of movement from source to destination region per movement event",,,,"Season 3: 1 to 2"
"movement",1,0.1109394867,"Season 3: 2 to 1","model age class","probability","Probability of movement from source to destination region per movement event",,,,"Season 3: 2 to 1"
"movement",2,0.0777575492,"Season 3: 2 to 1","model age class","probability","Probability of movement from source to destination region per movement event",,,,"Season 3: 2 to 1"
"movement",3,0.074757452,"Season 3: 2 to 1","model age class","probability","Probability of movement from source to destination region per movement event",,,,"Season 3: 2 to 1"
"movement",4,0.087480735,"Season 3: 2 to 1","model age class","probability","Probability of movement from source to destination region per movement event",,,,"Season 3: 2 to 1"
"movement",5,0.0992604147,"Season 3: 2 to 1","model age class","probability","Probability of movement from source to destination region per movement event",,,,"Season 3: 2 to 1"
"movement",6,0.1070897757,"Season 3: 2 to 1","model age class","probability","Probability of movement from source to destination region per movement event",,,,"Season 3: 2 to 1"
"movement",7,0.1086718963,"Season 3: 2 to 1","model age class","probability","Probability of movement from source to destination region per movement event",,,,"Season 3: 2 to 1"
"movement",8,0.1082755343,"Season 3: 2 to 1","model age class","probability","Probability of movement from source to destination region per movement event",,,,"Season 3: 2 to 1"
"movement",9,0.1074012905,"Season 3: 2 to 1","model age class","probability","Probability of movement from source to destination region per movement event",,,,"Season 3: 2 to 1"
"movement",10,0.1065806858,"Season 3: 2 to 1","model age class","probability","Probability of movement from source to destination region per movement event",,,,"Season 3: 2 to 1"
"movement",11,0.1057340888,"Season 3: 2 to 1","model age class","probability","Probability of movement from source to destination region per movement event",,,,"Season 3: 2 to 1"
"movement",12,0.1048606825,"Season 3: 2 to 1","model age class","probability","Probability of movement from source to destination region per movement event",,,,"Season 3: 2 to 1"
"movement",1,0.0184494664,"Season 4: 1 to 2","model age class","probability","Probability of movement from source to destination region per movement event",,,,"Season 4: 1 to 2"
"movement",2,0.0140565544,"Season 4: 1 to 2","model age class","probability","Probability of movement from source to destination region per movement event",,,,"Season 4: 1 to 2"
"movement",3,0.0194730338,"Season 4: 1 to 2","model age class","probability","Probability of movement from source to destination region per movement event",,,,"Season 4: 1 to 2"
"movement",4,0.0298902028,"Season 4: 1 to 2","model age class","probability","Probability of movement from source to destination region per movement event",,,,"Season 4: 1 to 2"
"movement",5,0.0379265611,"Season 4: 1 to 2","model age class","probability","Probability of movement from source to destination region per movement event",,,,"Season 4: 1 to 2"
"movement",6,0.0435308555,"Season 4: 1 to 2","model age class","probability","Probability of movement from source to destination region per movement event",,,,"Season 4: 1 to 2"
"movement",7,0.0476025859,"Season 4: 1 to 2","model age class","probability","Probability of movement from source to destination region per movement event",,,,"Season 4: 1 to 2"
"movement",8,0.0510095348,"Season 4: 1 to 2","model age class","probability","Probability of movement from source to destination region per movement event",,,,"Season 4: 1 to 2"
"movement",9,0.0539499224,"Season 4: 1 to 2","model age class","probability","Probability of movement from source to destination region per movement event",,,,"Season 4: 1 to 2"
"movement",10,0.0565522482,"Season 4: 1 to 2","model age class","probability","Probability of movement from source to destination region per movement event",,,,"Season 4: 1 to 2"
"movement",11,0.0587680183,"Season 4: 1 to 2","model age class","probability","Probability of movement from source to destination region per movement event",,,,"Season 4: 1 to 2"
"movement",12,0.0632810658,"Season 4: 1 to 2","model age class","probability","Probability of movement from source to destination region per movement event",,,,"Season 4: 1 to 2"
"movement",1,0.1110735445,"Season 4: 2 to 1","model age class","probability","Probability of movement from source to destination region per movement event",,,,"Season 4: 2 to 1"
"movement",2,0.0770159263,"Season 4: 2 to 1","model age class","probability","Probability of movement from source to destination region per movement event",,,,"Season 4: 2 to 1"
"movement",3,0.0727379942,"Season 4: 2 to 1","model age class","probability","Probability of movement from source to destination region per movement event",,,,"Season 4: 2 to 1"
"movement",4,0.0860487878,"Season 4: 2 to 1","model age class","probability","Probability of movement from source to destination region per movement event",,,,"Season 4: 2 to 1"
"movement",5,0.0976112542,"Season 4: 2 to 1","model age class","probability","Probability of movement from source to destination region per movement event",,,,"Season 4: 2 to 1"
"movement",6,0.1054664495,"Season 4: 2 to 1","model age class","probability","Probability of movement from source to destination region per movement event",,,,"Season 4: 2 to 1"
"movement",7,0.106875884,"Season 4: 2 to 1","model age class","probability","Probability of movement from source to destination region per movement event",,,,"Season 4: 2 to 1"
"movement",8,0.1064041023,"Season 4: 2 to 1","model age class","probability","Probability of movement from source to destination region per movement event",,,,"Season 4: 2 to 1"
"movement",9,0.1055965854,"Season 4: 2 to 1","model age class","probability","Probability of movement from source to destination region per movement event",,,,"Season 4: 2 to 1"
"movement",10,0.1048258332,"Season 4: 2 to 1","model age class","probability","Probability of movement from source to destination region per movement event",,,,"Season 4: 2 to 1"
"movement",11,0.1039860834,"Season 4: 2 to 1","model age class","probability","Probability of movement from source to destination region per movement event",,,,"Season 4: 2 to 1"
"movement",12,0.1033412816,"Season 4: 2 to 1","model age class","probability","Probability of movement from source to destination region per movement event",,,,"Season 4: 2 to 1"
