"record","period","region","fishery","group","likelihood","raw_sample_size","standardized_sample_size","input_sample_size","effective_sample_size","effective_fraction"
594,57,1,3,3,"square_fita",127.399019585812,2.49801999187866,2.49801999187866,,
595,58,1,3,3,"square_fita",682.260527918206,13.3776574101609,13.3776574101609,,
596,60,1,3,3,"square_fita",1864.55521196866,19.6078431372549,19.6078431372549,,
597,61,1,3,3,"square_fita",329.280002871195,6.45647064453324,6.45647064453324,,
598,62,1,3,3,"square_fita",597.540001515408,11.7164706179492,11.7164706179492,,
599,63,1,3,3,"square_fita",1817.39197787377,19.6078431372549,19.6078431372549,,
600,65,1,3,3,"square_fita",2087.29244368581,19.6078431372549,19.6078431372549,,
601,66,1,3,3,"square_fita",236.77333389585,4.64261439011471,4.64261439011471,,
602,67,1,3,3,"square_fita",443.488408187806,8.69585114093738,8.69585114093738,,
603,68,1,3,3,"square_fita",1540.30199196981,19.6078431372549,19.6078431372549,,
604,70,1,3,3,"square_fita",1475.62223501106,19.6078431372549,19.6078431372549,,
605,71,1,3,3,"square_fita",269.688804648363,5.28801577741887,5.28801577741887,,
607,73,1,3,3,"square_fita",830.31811559488,16.2807473646055,16.2807473646055,,
611,78,1,3,3,"square_fita",507.826097212818,9.95737445515329,9.95737445515329,,
612,80,1,3,3,"square_fita",187.271580910163,3.67199178255222,3.67199178255222,,
613,81,1,3,3,"square_fita",137.074723032051,2.68773966729512,2.68773966729512,,
614,82,1,3,3,"square_fita",121.43872985362,2.38115156575725,2.38115156575725,,
615,83,1,3,3,"square_fita",273.258539474971,5.35801057794061,5.35801057794061,,
616,85,1,3,3,"square_fita",660.905487963732,12.9589311365438,12.9589311365438,,
619,88,1,3,3,"square_fita",114.212346826878,2.23945778091918,2.23945778091918,,
620,90,1,3,3,"square_fita",638.211416228453,12.5139493378128,12.5139493378128,,
621,91,1,3,3,"square_fita",113.637918606336,2.22819448247718,2.22819448247718,,
622,92,1,3,3,"square_fita",291.465371762348,5.7150072894578,5.7150072894578,,
623,93,1,3,3,"square_fita",460.981425686957,9.03885148405799,9.03885148405799,,
624,95,1,3,3,"square_fita",326.696955442747,6.40582265574013,6.40582265574013,,
625,96,1,3,3,"square_fita",77.4206847691782,1.5180526425329,1.5180526425329,,
626,97,1,3,3,"square_fita",276.604410815184,5.42361589833694,5.42361589833694,,
627,98,1,3,3,"square_fita",663.500877015585,13.0098211179526,13.0098211179526,,
628,100,1,3,3,"square_fita",832.993374450948,16.3332034206068,16.3332034206068,,
629,101,1,3,3,"square_fita",282.310241326211,5.53549492796493,5.53549492796493,,
630,102,1,3,3,"square_fita",225.99770364538,4.43132752245842,4.43132752245842,,
631,103,1,3,3,"square_fita",438.320935304095,8.59452814321755,8.59452814321755,,
632,105,1,3,3,"square_fita",560.237898327588,10.9850568299527,10.9850568299527,,
633,106,1,3,3,"square_fita",70.1147646743925,1.37479930734103,1.37479930734103,,
635,108,1,3,3,"square_fita",272.898379811844,5.35094862376165,5.35094862376165,,
636,110,1,3,3,"square_fita",456.007723763468,8.94132791693074,8.94132791693074,,
637,111,1,3,3,"square_fita",103.145424929636,2.02245931234581,2.02245931234581,,
638,112,1,3,3,"square_fita",131.900461925497,2.5862835671666,2.5862835671666,,
639,113,1,3,3,"square_fita",980.849943837635,19.2323518399536,19.2323518399536,,
640,115,1,3,3,"square_fita",289.121217935768,5.66904348893662,5.66904348893662,,
641,116,1,3,3,"square_fita",182.326515356615,3.5750297128748,3.5750297128748,,
643,118,1,3,3,"square_fita",985.512195121951,19.323768531803,19.323768531803,,
644,120,1,3,3,"square_fita",1105.45644626021,19.6078431372549,19.6078431372549,,
647,123,1,3,3,"square_fita",133.350697727912,2.61471956329239,2.61471956329239,,
648,125,1,3,3,"square_fita",318.399354540943,6.24312459884203,6.24312459884203,,
651,128,1,3,3,"square_fita",66.724642299904,1.30832631960596,1.30832631960596,,
652,130,1,3,3,"square_fita",92.1044712647783,1.80597002479957,1.80597002479957,,
665,148,1,3,3,"square_fita",52.0037885754807,1.01968212893099,1.01968212893099,,
671,163,1,3,3,"square_fita",101.432269806788,1.98886803542721,1.98886803542721,,
678,181,1,3,3,"square_fita",129.359199165648,2.53645488560095,2.53645488560095,,
683,192,1,3,3,"square_fita",91.7240612645154,1.79851100518658,1.79851100518658,,
684,195,1,3,3,"square_fita",275.970580627288,5.41118785543703,5.41118785543703,,
685,198,1,3,3,"square_fita",133.143200787413,2.61065099583162,2.61065099583162,,
687,202,1,3,3,"square_fita",140.277308714669,2.75053546499352,2.75053546499352,,
688,204,1,3,3,"square_fita",94.3500106032007,1.8500002079059,1.8500002079059,,
689,207,1,3,3,"square_fita",208.602234172766,4.09023988574051,4.09023988574051,,
692,215,1,3,3,"square_fita",84.4911571607105,1.65668935609236,1.65668935609236,,
694,221,1,3,3,"square_fita",141.418805090988,2.77291774688212,2.77291774688212,,
695,222,1,3,3,"square_fita",138.164665167282,2.70911108171142,2.70911108171142,,
696,224,1,3,3,"square_fita",58.6267143160322,1.14954341796142,1.14954341796142,,
699,232,1,3,3,"square_fita",62.9586405315008,1.23448314767649,1.23448314767649,,
704,246,1,3,3,"square_fita",362.356645500705,7.1050322647197,7.1050322647197,,
705,249,1,3,3,"square_fita",980.366239445446,19.2228674401068,19.2228674401068,,
706,252,1,3,3,"square_fita",329.349351517557,6.45783042191289,6.45783042191289,,
707,255,1,3,3,"square_fita",1607.61197922923,19.6078431372549,19.6078431372549,,
708,258,1,3,3,"square_fita",823.998218009083,16.1568278040997,16.1568278040997,,
709,261,1,3,3,"square_fita",815.976738331264,15.9995438888483,15.9995438888483,,
710,264,1,3,3,"square_fita",81.7099445040132,1.60215577458849,1.60215577458849,,
711,267,1,3,3,"square_fita",1635.39928730574,19.6078431372549,19.6078431372549,,
712,270,1,3,3,"square_fita",108.400614406887,2.12550224327229,2.12550224327229,,
713,273,1,3,3,"square_fita",730.139601009569,14.3164627648935,14.3164627648935,,
714,276,1,3,3,"square_fita",232.54210518636,4.55964912130118,4.55964912130118,,
715,279,1,3,3,"square_fita",931.286443269893,18.2605184954881,18.2605184954881,,
716,282,1,3,3,"square_fita",419.086399649451,8.21738038528335,8.21738038528335,,
717,285,1,3,3,"square_fita",1563.29883224073,19.6078431372549,19.6078431372549,,
718,288,1,3,3,"square_fita",88.5037458385811,1.73536756546238,1.73536756546238,,
719,290,1,3,3,"square_fita",1759.67658358371,19.6078431372549,19.6078431372549,,
720,292,1,3,3,"square_fita",1432.47630137583,19.6078431372549,19.6078431372549,,
721,295,1,3,3,"square_fita",572.207770646165,11.2197602087483,11.2197602087483,,
722,298,1,3,3,"square_fita",89.4526556231305,1.75397363966923,1.75397363966923,,
723,299,1,3,3,"square_fita",1696.85450034582,19.6078431372549,19.6078431372549,,
724,301,1,3,3,"square_fita",519.905941497233,10.1942341470046,10.1942341470046,,
725,304,1,3,3,"square_fita",916.67760967449,17.9740707779312,17.9740707779312,,
726,307,1,3,3,"square_fita",736.222526578955,14.4357358152736,14.4357358152736,,
727,308,1,3,3,"square_fita",2708.29597090696,19.6078431372549,19.6078431372549,,
728,310,1,3,3,"square_fita",348.35422441934,6.83047498861452,6.83047498861452,,
729,313,1,3,3,"square_fita",58.292001365726,1.1429804189358,1.1429804189358,,
730,316,1,3,3,"square_fita",614.863385083216,12.0561448055533,12.0561448055533,,
731,317,1,3,3,"square_fita",448.213594682139,8.78850185651252,8.78850185651252,,
732,319,1,3,3,"square_fita",78.2967406504745,1.53523020883283,1.53523020883283,,
733,322,1,3,3,"square_fita",859.043178715011,16.8439838963728,16.8439838963728,,
734,325,1,3,3,"square_fita",227.878714307736,4.4682100844654,4.4682100844654,,
735,326,1,3,3,"square_fita",1423.71897644139,19.6078431372549,19.6078431372549,,
736,328,1,3,3,"square_fita",352.179556239112,6.90548149488455,6.90548149488455,,
737,331,1,3,3,"square_fita",835.649322623908,16.3852808357629,16.3852808357629,,
738,334,1,3,3,"square_fita",597.654269144385,11.7187111596938,11.7187111596938,,
739,337,1,3,3,"square_fita",900.898646116291,17.6646793356136,17.6646793356136,,
740,339,1,3,3,"square_fita",466.24810965877,9.14211979723078,9.14211979723078,,
741,342,1,3,3,"square_fita",2237.05038028745,19.6078431372549,19.6078431372549,,
742,345,1,3,3,"square_fita",2214.87406977628,19.6078431372549,19.6078431372549,,
743,346,1,3,3,"square_fita",3699.1272959002,19.6078431372549,19.6078431372549,,
744,348,1,3,3,"square_fita",2912.25996525798,19.6078431372549,19.6078431372549,,
745,351,1,3,3,"square_fita",3783.20339418604,19.6078431372549,19.6078431372549,,
746,354,1,3,3,"square_fita",1913.21607664323,19.6078431372549,19.6078431372549,,
747,357,1,3,3,"square_fita",3609.75072536584,19.6078431372549,19.6078431372549,,
748,359,1,3,3,"square_fita",2793.66319759559,19.6078431372549,19.6078431372549,,
749,362,1,3,3,"square_fita",3765.34569581533,19.6078431372549,19.6078431372549,,
750,365,1,3,3,"square_fita",3276.71242814708,19.6078431372549,19.6078431372549,,
751,366,1,3,3,"square_fita",5688.56628912609,19.6078431372549,19.6078431372549,,
752,369,1,3,3,"square_fita",3968.12351046762,19.6078431372549,19.6078431372549,,
753,372,1,3,3,"square_fita",1901.88284208875,19.6078431372549,19.6078431372549,,
754,375,1,3,3,"square_fita",1906.35340220482,19.6078431372549,19.6078431372549,,
755,377,1,3,3,"square_fita",3306.56640353775,19.6078431372549,19.6078431372549,,
756,379,1,3,3,"square_fita",2125.66257446917,19.6078431372549,19.6078431372549,,
757,382,1,3,3,"square_fita",2730.13652644028,19.6078431372549,19.6078431372549,,
758,385,1,3,3,"square_fita",1969.25736434011,19.6078431372549,19.6078431372549,,
759,387,1,3,3,"square_fita",993.504876456663,19.4804877736601,19.4804877736601,,
760,389,1,3,3,"square_fita",815.889304199473,15.9978294941073,15.9978294941073,,
761,392,1,3,3,"square_fita",1840.79967786806,19.6078431372549,19.6078431372549,,
762,395,1,3,3,"square_fita",2230.96176113606,19.6078431372549,19.6078431372549,,
763,397,1,3,3,"square_fita",1105.63334889051,19.6078431372549,19.6078431372549,,
766,405,1,3,3,"square_fita",460.388518337815,9.02722584976109,9.02722584976109,,
767,406,1,3,3,"square_fita",1578.55753429204,19.6078431372549,19.6078431372549,,
768,408,1,3,3,"square_fita",1221.39923720721,19.6078431372549,19.6078431372549,,
769,411,1,3,3,"square_fita",430.393087475638,8.43908014658114,8.43908014658114,,
770,414,1,3,3,"square_fita",477.534653266418,9.36342457385133,9.36342457385133,,
771,415,1,3,3,"square_fita",821.544866112293,16.1087228649469,16.1087228649469,,
772,418,1,3,3,"square_fita",454.399939596692,8.90980273719003,8.90980273719003,,
773,421,1,3,3,"square_fita",1522.77560289259,19.6078431372549,19.6078431372549,,
774,424,1,3,3,"square_fita",413.649426645305,8.11077307147656,8.11077307147656,,
775,425,1,3,3,"square_fita",2041.61067388608,19.6078431372549,19.6078431372549,,
776,427,1,3,3,"square_fita",2116.89402891792,19.6078431372549,19.6078431372549,,
777,430,1,3,3,"square_fita",2790.70695406238,19.6078431372549,19.6078431372549,,
778,433,1,3,3,"square_fita",6741.48109946587,19.6078431372549,19.6078431372549,,
779,434,1,3,3,"square_fita",3783.70633990164,19.6078431372549,19.6078431372549,,
780,436,1,3,3,"square_fita",652.417016728183,12.792490524082,12.792490524082,,
781,439,1,3,3,"square_fita",358.563408422342,7.03065506710475,7.03065506710475,,
782,442,1,3,3,"square_fita",1953.3746386879,19.6078431372549,19.6078431372549,,
783,443,1,3,3,"square_fita",1419.19254423446,19.6078431372549,19.6078431372549,,
784,445,1,3,3,"square_fita",1899.75725671201,19.6078431372549,19.6078431372549,,
785,448,1,3,3,"square_fita",3237.33176562405,19.6078431372549,19.6078431372549,,
786,451,1,3,3,"square_fita",8941.14443177248,19.6078431372549,19.6078431372549,,
787,454,1,3,3,"square_fita",4008.46861192899,19.6078431372549,19.6078431372549,,
788,456,1,3,3,"square_fita",7529.29253716424,19.6078431372549,19.6078431372549,,
789,459,1,3,3,"square_fita",2407.78062309926,19.6078431372549,19.6078431372549,,
790,462,1,3,3,"square_fita",3423.11205715079,19.6078431372549,19.6078431372549,,
791,464,1,3,3,"square_fita",1952.37545707909,19.6078431372549,19.6078431372549,,
792,466,1,3,3,"square_fita",390.730109059643,7.66137468744399,7.66137468744399,,
794,472,1,3,3,"square_fita",520.179815457568,10.1996042246582,10.1996042246582,,
795,473,1,3,3,"square_fita",377.739428336569,7.40665545757979,7.40665545757979,,
796,475,1,3,3,"square_fita",213.045978671508,4.17737213081388,4.17737213081388,,
797,478,1,3,3,"square_fita",518.116115748499,10.1591395244804,10.1591395244804,,
798,481,1,3,3,"square_fita",891.743713903468,17.4851708608523,17.4851708608523,,
799,484,1,3,3,"square_fita",1048.73132542927,19.6078431372549,19.6078431372549,,
800,486,1,3,3,"square_fita",1414.5,19.6078431372549,19.6078431372549,,
801,489,1,3,3,"square_fita",729.045746385951,14.2950146350186,14.2950146350186,,
802,492,1,3,3,"square_fita",5683.79120258943,19.6078431372549,19.6078431372549,,
803,494,1,3,3,"square_fita",5177.54285925159,19.6078431372549,19.6078431372549,,
804,497,1,3,3,"square_fita",1778.56540601028,19.6078431372549,19.6078431372549,,
805,500,1,3,3,"square_fita",607.669270820245,11.9150837415734,11.9150837415734,,
806,503,1,3,3,"square_fita",3373.25501309933,19.6078431372549,19.6078431372549,,
807,504,1,3,3,"square_fita",2073.89813342667,19.6078431372549,19.6078431372549,,
808,506,1,3,3,"square_fita",654.717126221319,12.8375907102219,12.8375907102219,,
809,509,1,3,3,"square_fita",173.472853367122,3.40142849739455,3.40142849739455,,
810,512,1,3,3,"square_fita",1234.61340206186,19.6078431372549,19.6078431372549,,
811,514,1,3,3,"square_fita",2716.20941962089,19.6078431372549,19.6078431372549,,
812,516,1,3,3,"square_fita",4883.11242732898,19.6078431372549,19.6078431372549,,
813,519,1,3,3,"square_fita",2941.64536014148,19.6078431372549,19.6078431372549,,
814,522,1,3,3,"square_fita",4075.92740343472,19.6078431372549,19.6078431372549,,
815,524,1,3,3,"square_fita",2698.28671159426,19.6078431372549,19.6078431372549,,
816,526,1,3,3,"square_fita",1935.37890827184,19.6078431372549,19.6078431372549,,
817,529,1,3,3,"square_fita",2510.86498045462,19.6078431372549,19.6078431372549,,
818,532,1,3,3,"square_fita",3421.29649249943,19.6078431372549,19.6078431372549,,
819,534,1,3,3,"square_fita",964.941937605611,18.9204301491296,18.9204301491296,,
820,537,1,3,3,"square_fita",349.217173697934,6.84739556270459,6.84739556270459,,
821,540,1,3,3,"square_fita",989.219513999722,19.3964610588181,19.3964610588181,,
822,543,1,3,3,"square_fita",2280.01545330543,19.6078431372549,19.6078431372549,,
823,544,1,3,3,"square_fita",3926.30170368146,19.6078431372549,19.6078431372549,,
868,57,1,4,4,"square_fita",64.9732160981096,1,1,,
872,62,1,4,4,"square_fita",776.914154852562,4.73728143202782,4.73728143202782,,
873,63,1,4,4,"square_fita",393.405972850909,2.39881690762749,2.39881690762749,,
876,67,1,4,4,"square_fita",64.5234510487822,1,1,,
893,88,1,4,4,"square_fita",50.7932259922181,1,1,,
895,91,1,4,4,"square_fita",1458.2566809946,6.09756097560976,6.09756097560976,,
896,92,1,4,4,"square_fita",1252.70050217455,6.09756097560976,6.09756097560976,,
897,93,1,4,4,"square_fita",1663.4128857255,6.09756097560976,6.09756097560976,,
898,95,1,4,4,"square_fita",1561.99023301117,6.09756097560976,6.09756097560976,,
899,96,1,4,4,"square_fita",1621.87889467347,6.09756097560976,6.09756097560976,,
900,97,1,4,4,"square_fita",1371.89322568765,6.09756097560976,6.09756097560976,,
901,98,1,4,4,"square_fita",1553.69601765395,6.09756097560976,6.09756097560976,,
902,100,1,4,4,"square_fita",1636.53358939756,6.09756097560976,6.09756097560976,,
903,101,1,4,4,"square_fita",653.739317517743,3.98621535071794,3.98621535071794,,
904,102,1,4,4,"square_fita",288.083628846473,1.7566074929663,1.7566074929663,,
905,103,1,4,4,"square_fita",765.877918199366,4.6699873060937,4.6699873060937,,
906,105,1,4,4,"square_fita",622.938637601984,3.79840632684137,3.79840632684137,,
907,106,1,4,4,"square_fita",301.676188444363,1.83948895392904,1.83948895392904,,
908,107,1,4,4,"square_fita",598.160498836853,3.64732011485886,3.64732011485886,,
909,108,1,4,4,"square_fita",696.25435746274,4.24545339916305,4.24545339916305,,
910,110,1,4,4,"square_fita",709.281156114148,4.324885098257,4.324885098257,,
911,111,1,4,4,"square_fita",546.922183829507,3.33489136481407,3.33489136481407,,
912,112,1,4,4,"square_fita",240.426269680787,1.466013839517,1.466013839517,,
913,113,1,4,4,"square_fita",566.33247719484,3.45324681216366,3.45324681216366,,
914,115,1,4,4,"square_fita",909.464208484364,5.54551346636807,5.54551346636807,,
915,116,1,4,4,"square_fita",875.732234447499,5.33983069785061,5.33983069785061,,
916,117,1,4,4,"square_fita",1527.46729800242,6.09756097560976,6.09756097560976,,
917,118,1,4,4,"square_fita",1607.3712511068,6.09756097560976,6.09756097560976,,
918,120,1,4,4,"square_fita",590.041564960251,3.59781442048934,3.59781442048934,,
920,122,1,4,4,"square_fita",117.611420591534,1,1,,
921,123,1,4,4,"square_fita",400.994810294227,2.44509030667211,2.44509030667211,,
922,125,1,4,4,"square_fita",372.29807327715,2.27011020290945,2.27011020290945,,
923,126,1,4,4,"square_fita",363.228343585483,2.21480697308221,2.21480697308221,,
924,127,1,4,4,"square_fita",359.562432064712,2.19245385405312,2.19245385405312,,
926,130,1,4,4,"square_fita",97.9123810825882,1,1,,
927,131,1,4,4,"square_fita",64.1598857522787,1,1,,
930,135,1,4,4,"square_fita",112.626945882634,1,1,,
942,155,1,4,4,"square_fita",422.166488519936,2.57418590560936,2.57418590560936,,
943,158,1,4,4,"square_fita",120.465104550056,1,1,,
945,163,1,4,4,"square_fita",210.570144735597,1.28396429716828,1.28396429716828,,
946,165,1,4,4,"square_fita",151.413133656288,1,1,,
947,168,1,4,4,"square_fita",119.305737931668,1,1,,
948,171,1,4,4,"square_fita",127.71021600608,1,1,,
949,173,1,4,4,"square_fita",112.527998732387,1,1,,
950,175,1,4,4,"square_fita",370.612691376591,2.2598334840036,2.2598334840036,,
951,178,1,4,4,"square_fita",197.935111221316,1.20692140988607,1.20692140988607,,
952,181,1,4,4,"square_fita",122.702169816038,1,1,,
953,182,1,4,4,"square_fita",336.699905104101,2.05304820185427,2.05304820185427,,
954,184,1,4,4,"square_fita",421.67611982091,2.57119585256653,2.57119585256653,,
955,187,1,4,4,"square_fita",110.426933211763,1,1,,
956,190,1,4,4,"square_fita",144.918164610612,1,1,,
957,192,1,4,4,"square_fita",173.178347969402,1.05596553639879,1.05596553639879,,
958,195,1,4,4,"square_fita",850.054909920163,5.18326164585465,5.18326164585465,,
959,198,1,4,4,"square_fita",64.8834890680522,1,1,,
960,201,1,4,4,"square_fita",79.3735737627655,1,1,,
962,204,1,4,4,"square_fita",213.301452969385,1.30061861566698,1.30061861566698,,
963,207,1,4,4,"square_fita",55.2699202404143,1,1,,
964,210,1,4,4,"square_fita",77.8976511458769,1,1,,
965,213,1,4,4,"square_fita",315.817776745943,1.9257181508899,1.9257181508899,,
966,215,1,4,4,"square_fita",403.543836438611,2.46063314901592,2.46063314901592,,
967,218,1,4,4,"square_fita",52.7035843303899,1,1,,
970,224,1,4,4,"square_fita",450.955878801903,2.74973096830429,2.74973096830429,,
971,227,1,4,4,"square_fita",131.663285979697,1,1,,
972,230,1,4,4,"square_fita",50.5057634576862,1,1,,
974,234,1,4,4,"square_fita",417.841520393235,2.54781414873924,2.54781414873924,,
980,252,1,4,4,"square_fita",447.659247902915,2.72962956038363,2.72962956038363,,
981,255,1,4,4,"square_fita",277.805829833413,1.6939379867891,1.6939379867891,,
982,258,1,4,4,"square_fita",380.726832295508,2.32150507497261,2.32150507497261,,
984,264,1,4,4,"square_fita",1031.48695069997,6.09756097560976,6.09756097560976,,
987,273,1,4,4,"square_fita",62.5419236873034,1,1,,
1000,307,1,4,4,"square_fita",138.593896376648,1,1,,
1001,308,1,4,4,"square_fita",175.922730148661,1.0726995740772,1.0726995740772,,
1004,316,1,4,4,"square_fita",156.320530672201,1,1,,
1007,322,1,4,4,"square_fita",236.631569518022,1.44287542389038,1.44287542389038,,
1018,348,1,4,4,"square_fita",251.368807319702,1.53273662999818,1.53273662999818,,
1019,351,1,4,4,"square_fita",730.571447938806,4.45470395084638,4.45470395084638,,
1020,354,1,4,4,"square_fita",411.379661015995,2.5084125671707,2.5084125671707,,
1022,359,1,4,4,"square_fita",513.346940246287,3.13016426979443,3.13016426979443,,
1025,366,1,4,4,"square_fita",636.797759899538,3.88291317011913,3.88291317011913,,
1026,369,1,4,4,"square_fita",51.1528815119977,1,1,,
1027,372,1,4,4,"square_fita",361.59789649011,2.20486522250067,2.20486522250067,,
1029,377,1,4,4,"square_fita",561.247271863319,3.42223946258121,3.42223946258121,,
1031,382,1,4,4,"square_fita",337.507689917442,2.05797371900879,2.05797371900879,,
1032,385,1,4,4,"square_fita",548.785761647354,3.34625464419118,3.34625464419118,,
1033,387,1,4,4,"square_fita",181.355091058571,1.1058237259669,1.1058237259669,,
1034,389,1,4,4,"square_fita",381.483184660612,2.32611697963788,2.32611697963788,,
1036,395,1,4,4,"square_fita",109.296070572875,1,1,,
1037,397,1,4,4,"square_fita",727.460196235221,4.4357329038733,4.4357329038733,,
1038,399,1,4,4,"square_fita",107.779346270379,1,1,,
1039,402,1,4,4,"square_fita",134.694639656619,1,1,,
1041,406,1,4,4,"square_fita",201.045408030178,1.22588663433036,1.22588663433036,,
1044,414,1,4,4,"square_fita",501.977637831495,3.06083925507009,3.06083925507009,,
1045,415,1,4,4,"square_fita",328.450664768955,2.00274795590826,2.00274795590826,,
1046,418,1,4,4,"square_fita",120.760590262749,1,1,,
1047,421,1,4,4,"square_fita",487.495140091793,2.97253134202313,2.97253134202313,,
1048,424,1,4,4,"square_fita",1049.44289828954,6.09756097560976,6.09756097560976,,
1049,425,1,4,4,"square_fita",1591.19614976162,6.09756097560976,6.09756097560976,,
1050,427,1,4,4,"square_fita",355.107438571523,2.16528925958246,2.16528925958246,,
1051,430,1,4,4,"square_fita",247.744267051985,1.51063577470723,1.51063577470723,,
1052,433,1,4,4,"square_fita",328.85515439185,2.00521435604787,2.00521435604787,,
1053,434,1,4,4,"square_fita",2255.58109749004,6.09756097560976,6.09756097560976,,
1054,436,1,4,4,"square_fita",619.858423387106,3.77962453284821,3.77962453284821,,
1055,439,1,4,4,"square_fita",724.252794773177,4.41617557788523,4.41617557788523,,
1056,442,1,4,4,"square_fita",4649.15588164768,6.09756097560976,6.09756097560976,,
1057,443,1,4,4,"square_fita",6555.41738012098,6.09756097560976,6.09756097560976,,
1058,445,1,4,4,"square_fita",4961.62354166602,6.09756097560976,6.09756097560976,,
1059,448,1,4,4,"square_fita",495.473817741863,3.02118181549917,3.02118181549917,,
1060,451,1,4,4,"square_fita",6588.45477559689,6.09756097560976,6.09756097560976,,
1061,454,1,4,4,"square_fita",2811.41467541413,6.09756097560976,6.09756097560976,,
1062,456,1,4,4,"square_fita",2721.14435298745,6.09756097560976,6.09756097560976,,
1063,459,1,4,4,"square_fita",909.297932812032,5.54449959031727,5.54449959031727,,
1064,462,1,4,4,"square_fita",1621.52017394707,6.09756097560976,6.09756097560976,,
1065,464,1,4,4,"square_fita",5843.4215060465,6.09756097560976,6.09756097560976,,
1066,466,1,4,4,"square_fita",3269.5756363416,6.09756097560976,6.09756097560976,,
1067,469,1,4,4,"square_fita",3333.22492026938,6.09756097560976,6.09756097560976,,
1068,472,1,4,4,"square_fita",5529.71503392352,6.09756097560976,6.09756097560976,,
1069,473,1,4,4,"square_fita",8028.3992191698,6.09756097560976,6.09756097560976,,
1070,475,1,4,4,"square_fita",5760.9653320525,6.09756097560976,6.09756097560976,,
1071,478,1,4,4,"square_fita",6558.6266063401,6.09756097560976,6.09756097560976,,
1072,481,1,4,4,"square_fita",7460.72154268045,6.09756097560976,6.09756097560976,,
1073,484,1,4,4,"square_fita",15177.0641980666,6.09756097560976,6.09756097560976,,
1074,486,1,4,4,"square_fita",11982.8491560774,6.09756097560976,6.09756097560976,,
1075,489,1,4,4,"square_fita",6865.53095945189,6.09756097560976,6.09756097560976,,
1076,492,1,4,4,"square_fita",5819.70130954109,6.09756097560976,6.09756097560976,,
1077,494,1,4,4,"square_fita",10553.1518066453,6.09756097560976,6.09756097560976,,
1078,497,1,4,4,"square_fita",5767.95775718885,6.09756097560976,6.09756097560976,,
1079,500,1,4,4,"square_fita",3740.01411258215,6.09756097560976,6.09756097560976,,
1080,503,1,4,4,"square_fita",4996.15454501257,6.09756097560976,6.09756097560976,,
1081,504,1,4,4,"square_fita",10784.3065068701,6.09756097560976,6.09756097560976,,
1082,506,1,4,4,"square_fita",5496.48521484646,6.09756097560976,6.09756097560976,,
1083,509,1,4,4,"square_fita",4113.99485807684,6.09756097560976,6.09756097560976,,
1084,512,1,4,4,"square_fita",5754.54881582343,6.09756097560976,6.09756097560976,,
1085,514,1,4,4,"square_fita",17163.0569689829,6.09756097560976,6.09756097560976,,
1086,516,1,4,4,"square_fita",10495.97191018,6.09756097560976,6.09756097560976,,
1087,519,1,4,4,"square_fita",6184.1263674375,6.09756097560976,6.09756097560976,,
1088,522,1,4,4,"square_fita",8182.27427960806,6.09756097560976,6.09756097560976,,
1089,524,1,4,4,"square_fita",7457.52653283446,6.09756097560976,6.09756097560976,,
1090,526,1,4,4,"square_fita",1675.19976921297,6.09756097560976,6.09756097560976,,
1091,529,1,4,4,"square_fita",3823.29660621855,6.09756097560976,6.09756097560976,,
1092,532,1,4,4,"square_fita",5000.46214853196,6.09756097560976,6.09756097560976,,
1093,534,1,4,4,"square_fita",3162.26905312279,6.09756097560976,6.09756097560976,,
1094,537,1,4,4,"square_fita",2853.10290118038,6.09756097560976,6.09756097560976,,
1095,540,1,4,4,"square_fita",2177.66656641316,6.09756097560976,6.09756097560976,,
1096,543,1,4,4,"square_fita",7908.61122189073,6.09756097560976,6.09756097560976,,
1097,544,1,4,4,"square_fita",5248.84080625916,6.09756097560976,6.09756097560976,,
1259,243,1,6,6,"square_fita",420.73374657664,4.72734546715326,4.72734546715326,,
1260,246,1,6,6,"square_fita",265.526532156583,2.98344418153464,2.98344418153464,,
1262,252,1,6,6,"square_fita",199.791813070977,2.24485183225817,2.24485183225817,,
1263,255,1,6,6,"square_fita",317.992878964313,3.57295369622823,3.57295369622823,,
1264,258,1,6,6,"square_fita",381.947822008258,4.29154856189053,4.29154856189053,,
1265,261,1,6,6,"square_fita",80.2394729588678,1,1,,
1269,273,1,6,6,"square_fita",67.8408032188258,1,1,,
1271,279,1,6,6,"square_fita",803.725123592697,9.03061936621008,9.03061936621008,,
1272,282,1,6,6,"square_fita",864.7616091645,9.71642257488202,9.71642257488202,,
1273,285,1,6,6,"square_fita",440.046695698329,4.94434489548685,4.94434489548685,,
1274,288,1,6,6,"square_fita",1006.4668741592,11.2359550561798,11.2359550561798,,
1275,290,1,6,6,"square_fita",1835.22081308749,11.2359550561798,11.2359550561798,,
1276,292,1,6,6,"square_fita",1641.75584500597,11.2359550561798,11.2359550561798,,
1277,295,1,6,6,"square_fita",1030.27934912348,11.2359550561798,11.2359550561798,,
1278,298,1,6,6,"square_fita",2244.72267836939,11.2359550561798,11.2359550561798,,
1279,299,1,6,6,"square_fita",3279.91657365396,11.2359550561798,11.2359550561798,,
1280,301,1,6,6,"square_fita",4449.18071037174,11.2359550561798,11.2359550561798,,
1281,304,1,6,6,"square_fita",2079.25307823217,11.2359550561798,11.2359550561798,,
1282,307,1,6,6,"square_fita",3848.11754071824,11.2359550561798,11.2359550561798,,
1283,308,1,6,6,"square_fita",3025.17583934194,11.2359550561798,11.2359550561798,,
1284,310,1,6,6,"square_fita",2697.63094834739,11.2359550561798,11.2359550561798,,
1285,313,1,6,6,"square_fita",1757.70734133838,11.2359550561798,11.2359550561798,,
1286,316,1,6,6,"square_fita",2812.52142631965,11.2359550561798,11.2359550561798,,
1287,317,1,6,6,"square_fita",2541.61571479539,11.2359550561798,11.2359550561798,,
1288,319,1,6,6,"square_fita",3107.4050436915,11.2359550561798,11.2359550561798,,
1289,322,1,6,6,"square_fita",2554.49490995899,11.2359550561798,11.2359550561798,,
1290,325,1,6,6,"square_fita",2707.12178157614,11.2359550561798,11.2359550561798,,
1291,326,1,6,6,"square_fita",4936.47471331487,11.2359550561798,11.2359550561798,,
1292,328,1,6,6,"square_fita",5806.37291455571,11.2359550561798,11.2359550561798,,
1293,331,1,6,6,"square_fita",4089.5183022476,11.2359550561798,11.2359550561798,,
1294,334,1,6,6,"square_fita",3976.91493219506,11.2359550561798,11.2359550561798,,
1295,337,1,6,6,"square_fita",6693.8172716972,11.2359550561798,11.2359550561798,,
1296,339,1,6,6,"square_fita",6947.66199234315,11.2359550561798,11.2359550561798,,
1297,342,1,6,6,"square_fita",10307.3618600002,11.2359550561798,11.2359550561798,,
1298,345,1,6,6,"square_fita",23748.2882509496,11.2359550561798,11.2359550561798,,
1299,346,1,6,6,"square_fita",24209.9367112701,11.2359550561798,11.2359550561798,,
1300,348,1,6,6,"square_fita",17801.5329493039,11.2359550561798,11.2359550561798,,
1301,351,1,6,6,"square_fita",13048.589140645,11.2359550561798,11.2359550561798,,
1302,354,1,6,6,"square_fita",16080.804330932,11.2359550561798,11.2359550561798,,
1303,357,1,6,6,"square_fita",20528.9070572478,11.2359550561798,11.2359550561798,,
1304,359,1,6,6,"square_fita",21480.6233325616,11.2359550561798,11.2359550561798,,
1305,362,1,6,6,"square_fita",16731.5553142792,11.2359550561798,11.2359550561798,,
1306,365,1,6,6,"square_fita",18157.8931074494,11.2359550561798,11.2359550561798,,
1307,366,1,6,6,"square_fita",22535.334543632,11.2359550561798,11.2359550561798,,
1308,369,1,6,6,"square_fita",23130.1844272027,11.2359550561798,11.2359550561798,,
1309,372,1,6,6,"square_fita",15275.4024221504,11.2359550561798,11.2359550561798,,
1310,375,1,6,6,"square_fita",23683.5615465514,11.2359550561798,11.2359550561798,,
1311,377,1,6,6,"square_fita",19824.1517076127,11.2359550561798,11.2359550561798,,
1312,379,1,6,6,"square_fita",16308.4957732349,11.2359550561798,11.2359550561798,,
1313,382,1,6,6,"square_fita",9394.92308873606,11.2359550561798,11.2359550561798,,
1314,385,1,6,6,"square_fita",24988.6699931577,11.2359550561798,11.2359550561798,,
1315,387,1,6,6,"square_fita",32527.5038752356,11.2359550561798,11.2359550561798,,
1316,389,1,6,6,"square_fita",23371.8780133851,11.2359550561798,11.2359550561798,,
1317,392,1,6,6,"square_fita",21563.0126335539,11.2359550561798,11.2359550561798,,
1318,395,1,6,6,"square_fita",29838.1243243782,11.2359550561798,11.2359550561798,,
1319,397,1,6,6,"square_fita",26283.6390797316,11.2359550561798,11.2359550561798,,
1320,399,1,6,6,"square_fita",17725.267041429,11.2359550561798,11.2359550561798,,
1321,402,1,6,6,"square_fita",4215.54293333431,11.2359550561798,11.2359550561798,,
1322,405,1,6,6,"square_fita",12343.5338205658,11.2359550561798,11.2359550561798,,
1323,406,1,6,6,"square_fita",17958.2974668059,11.2359550561798,11.2359550561798,,
1324,408,1,6,6,"square_fita",15834.7298012085,11.2359550561798,11.2359550561798,,
1325,411,1,6,6,"square_fita",10292.7432789404,11.2359550561798,11.2359550561798,,
1326,414,1,6,6,"square_fita",24803.2130553362,11.2359550561798,11.2359550561798,,
1327,415,1,6,6,"square_fita",23712.862510232,11.2359550561798,11.2359550561798,,
1328,418,1,6,6,"square_fita",17907.6089756907,11.2359550561798,11.2359550561798,,
1329,421,1,6,6,"square_fita",12197.2573008161,11.2359550561798,11.2359550561798,,
1330,424,1,6,6,"square_fita",24893.2833688685,11.2359550561798,11.2359550561798,,
1331,425,1,6,6,"square_fita",29533.2213705442,11.2359550561798,11.2359550561798,,
1332,427,1,6,6,"square_fita",20643.9581153303,11.2359550561798,11.2359550561798,,
1333,430,1,6,6,"square_fita",6903.83089454405,11.2359550561798,11.2359550561798,,
1334,433,1,6,6,"square_fita",16573.7971245087,11.2359550561798,11.2359550561798,,
1335,434,1,6,6,"square_fita",17253.9562468924,11.2359550561798,11.2359550561798,,
1336,436,1,6,6,"square_fita",10919.738032818,11.2359550561798,11.2359550561798,,
1337,439,1,6,6,"square_fita",2066.51422202001,11.2359550561798,11.2359550561798,,
1338,442,1,6,6,"square_fita",4405.36005052036,11.2359550561798,11.2359550561798,,
1339,443,1,6,6,"square_fita",6142.41448618753,11.2359550561798,11.2359550561798,,
1340,445,1,6,6,"square_fita",4053.68779725509,11.2359550561798,11.2359550561798,,
1341,448,1,6,6,"square_fita",4480.80619695688,11.2359550561798,11.2359550561798,,
1342,451,1,6,6,"square_fita",15213.3889738586,11.2359550561798,11.2359550561798,,
1343,454,1,6,6,"square_fita",9241.31159053826,11.2359550561798,11.2359550561798,,
1344,456,1,6,6,"square_fita",5571.48921436172,11.2359550561798,11.2359550561798,,
1345,459,1,6,6,"square_fita",6243.44771939776,11.2359550561798,11.2359550561798,,
1346,462,1,6,6,"square_fita",12825.5711420697,11.2359550561798,11.2359550561798,,
1347,464,1,6,6,"square_fita",11646.7535622623,11.2359550561798,11.2359550561798,,
1348,466,1,6,6,"square_fita",8602.00818200185,11.2359550561798,11.2359550561798,,
1349,469,1,6,6,"square_fita",5725.81775012687,11.2359550561798,11.2359550561798,,
1350,472,1,6,6,"square_fita",8346.76316579399,11.2359550561798,11.2359550561798,,
1351,473,1,6,6,"square_fita",12959.3081287386,11.2359550561798,11.2359550561798,,
1352,475,1,6,6,"square_fita",14101.1629924192,11.2359550561798,11.2359550561798,,
1353,478,1,6,6,"square_fita",5493.86617492477,11.2359550561798,11.2359550561798,,
1354,481,1,6,6,"square_fita",14606.8057213601,11.2359550561798,11.2359550561798,,
1355,484,1,6,6,"square_fita",16230.9141571924,11.2359550561798,11.2359550561798,,
1356,486,1,6,6,"square_fita",13198.0744726453,11.2359550561798,11.2359550561798,,
1357,489,1,6,6,"square_fita",5698.16845526684,11.2359550561798,11.2359550561798,,
1358,492,1,6,6,"square_fita",10628.9650420237,11.2359550561798,11.2359550561798,,
1359,494,1,6,6,"square_fita",9482.77143279266,11.2359550561798,11.2359550561798,,
1360,497,1,6,6,"square_fita",10728.5069664426,11.2359550561798,11.2359550561798,,
1361,500,1,6,6,"square_fita",5145.53636370941,11.2359550561798,11.2359550561798,,
1362,503,1,6,6,"square_fita",8870.22641448171,11.2359550561798,11.2359550561798,,
1363,504,1,6,6,"square_fita",16224.9674567699,11.2359550561798,11.2359550561798,,
1364,506,1,6,6,"square_fita",16187.7185636729,11.2359550561798,11.2359550561798,,
1365,509,1,6,6,"square_fita",18087.0765799649,11.2359550561798,11.2359550561798,,
1366,512,1,6,6,"square_fita",15255.8257865107,11.2359550561798,11.2359550561798,,
1367,514,1,6,6,"square_fita",15226.5113920167,11.2359550561798,11.2359550561798,,
1368,516,1,6,6,"square_fita",9725.40432119554,11.2359550561798,11.2359550561798,,
1369,519,1,6,6,"square_fita",4815.6872569134,11.2359550561798,11.2359550561798,,
1370,522,1,6,6,"square_fita",7299.79812508478,11.2359550561798,11.2359550561798,,
1371,524,1,6,6,"square_fita",7191.97089608208,11.2359550561798,11.2359550561798,,
1372,526,1,6,6,"square_fita",6668.91390664404,11.2359550561798,11.2359550561798,,
1373,529,1,6,6,"square_fita",7591.95201189945,11.2359550561798,11.2359550561798,,
1374,532,1,6,6,"square_fita",5401.25026232125,11.2359550561798,11.2359550561798,,
1375,534,1,6,6,"square_fita",5941.55974713659,11.2359550561798,11.2359550561798,,
1376,537,1,6,6,"square_fita",6868.04134922441,11.2359550561798,11.2359550561798,,
1377,540,1,6,6,"square_fita",9458.00191563379,11.2359550561798,11.2359550561798,,
1378,543,1,6,6,"square_fita",13876.3141925234,11.2359550561798,11.2359550561798,,
1379,544,1,6,6,"square_fita",10716.0064190381,11.2359550561798,11.2359550561798,,
1398,255,1,7,7,"square_fita",429.488978460763,14.8099647745091,14.8099647745091,,
1401,264,1,7,7,"square_fita",206,7.10344827586207,7.10344827586207,,
1402,267,1,7,7,"square_fita",494.5,17.051724137931,17.051724137931,,
1404,273,1,7,7,"square_fita",274,9.44827586206897,9.44827586206897,,
1414,299,1,7,7,"square_fita",979.999999999999,33.7931034482758,33.7931034482758,,
1445,375,1,7,7,"square_fita",99,3.41379310344828,3.41379310344828,,
1449,385,1,7,7,"square_fita",1043.92541378588,34.4827586206897,34.4827586206897,,
1450,387,1,7,7,"square_fita",240.396784194967,8.28954428258508,8.28954428258508,,
1451,389,1,7,7,"square_fita",301.887178242687,10.4099026980237,10.4099026980237,,
1452,392,1,7,7,"square_fita",767.516153462097,26.4660742573137,26.4660742573137,,
1453,395,1,7,7,"square_fita",157.126797752809,5.41816543975203,5.41816543975203,,
1459,408,1,7,7,"square_fita",100.485414482928,3.46501429251475,3.46501429251475,,
1460,411,1,7,7,"square_fita",413.076421462075,14.244014533175,14.244014533175,,
1461,414,1,7,7,"square_fita",150.635343874329,5.19432220256307,5.19432220256307,,
1462,415,1,7,7,"square_fita",94.5,3.25862068965517,3.25862068965517,,
1463,418,1,7,7,"square_fita",609,21,21,,
1464,421,1,7,7,"square_fita",72.5672668997669,2.50231954826782,2.50231954826782,,
1467,427,1,7,7,"square_fita",213.5,7.36206896551725,7.36206896551725,,
1468,430,1,7,7,"square_fita",256.5,8.8448275862069,8.8448275862069,,
1469,433,1,7,7,"square_fita",136.335634763097,4.70122878493436,4.70122878493436,,
1473,442,1,7,7,"square_fita",78,2.68965517241379,2.68965517241379,,
1476,448,1,7,7,"square_fita",71.5173408881275,2.46611520303888,2.46611520303888,,
1477,451,1,7,7,"square_fita",94,3.24137931034483,3.24137931034483,,
1478,454,1,7,7,"square_fita",59.3667995650598,2.04713101948482,2.04713101948482,,
1479,456,1,7,7,"square_fita",283,9.75862068965517,9.75862068965517,,
1556,57,1,8,8,"square_fita",519.264100272127,1.39587123729066,1.39587123729066,,
1557,58,1,8,8,"square_fita",1747.71242184719,2.68817204301075,2.68817204301075,,
1558,60,1,8,8,"square_fita",737.111309926766,1.98148201593217,1.98148201593217,,
1560,62,1,8,8,"square_fita",1262.32243491678,2.68817204301075,2.68817204301075,,
1561,63,1,8,8,"square_fita",2112.43111644588,2.68817204301075,2.68817204301075,,
1562,65,1,8,8,"square_fita",65.5335114594837,1,1,,
1564,67,1,8,8,"square_fita",1067.44363204649,2.68817204301075,2.68817204301075,,
1565,68,1,8,8,"square_fita",1756.47557678879,2.68817204301075,2.68817204301075,,
1566,70,1,8,8,"square_fita",62.5683140512656,1,1,,
1569,73,1,8,8,"square_fita",1080.67220000503,2.68817204301075,2.68817204301075,,
1573,78,1,8,8,"square_fita",613.530908894059,1.64927663681199,1.64927663681199,,
1578,85,1,8,8,"square_fita",367.688665222452,1,1,,
1579,86,1,8,8,"square_fita",191.150774811928,1,1,,
1581,88,1,8,8,"square_fita",215.249085234059,1,1,,
1584,92,1,8,8,"square_fita",879.329844249654,2.36378990389692,2.36378990389692,,
1585,93,1,8,8,"square_fita",1394.97212968431,2.68817204301075,2.68817204301075,,
1586,95,1,8,8,"square_fita",254.562944843553,1,1,,
1588,97,1,8,8,"square_fita",1783.72753564347,2.68817204301075,2.68817204301075,,
1589,98,1,8,8,"square_fita",2134.4971354858,2.68817204301075,2.68817204301075,,
1590,100,1,8,8,"square_fita",822.230763594124,2.21029775159711,2.21029775159711,,
1591,101,1,8,8,"square_fita",356.64536066114,1,1,,
1592,102,1,8,8,"square_fita",2186.77129437026,2.68817204301075,2.68817204301075,,
1593,103,1,8,8,"square_fita",880.394982596981,2.36665317902414,2.36665317902414,,
1596,107,1,8,8,"square_fita",95.5823241171517,1,1,,
1600,112,1,8,8,"square_fita",213.351562223207,1,1,,
1601,113,1,8,8,"square_fita",372.543570335001,1.00146121057796,1.00146121057796,,
1604,117,1,8,8,"square_fita",791.681845301247,2.12817700349798,2.12817700349798,,
1605,118,1,8,8,"square_fita",272.706784925374,1,1,,
1608,122,1,8,8,"square_fita",391.371394532619,1.05207364121672,1.05207364121672,,
1609,123,1,8,8,"square_fita",529.742096005939,1.42403789248908,1.42403789248908,,
1612,127,1,8,8,"square_fita",220.721631031681,1,1,,
1613,128,1,8,8,"square_fita",105.241494882442,1,1,,
1632,161,1,8,8,"square_fita",491.253057530955,1.32057273529827,1.32057273529827,,
1636,171,1,8,8,"square_fita",501.81092191239,1.34895409116234,1.34895409116234,,
1637,173,1,8,8,"square_fita",198.826003608038,1,1,,
1640,181,1,8,8,"square_fita",973.426722863349,2.61673850232083,2.61673850232083,,
1641,182,1,8,8,"square_fita",551.118699044762,1.48150187915259,1.48150187915259,,
1642,184,1,8,8,"square_fita",138.804399272611,1,1,,
1644,190,1,8,8,"square_fita",863.818243217298,2.3220920516594,2.3220920516594,,
1645,192,1,8,8,"square_fita",405.756177631486,1.09074241298787,1.09074241298787,,
1647,198,1,8,8,"square_fita",51.4931307172502,1,1,,
1648,201,1,8,8,"square_fita",926.730739261833,2.49121166468235,2.49121166468235,,
1649,202,1,8,8,"square_fita",171.666489877839,1,1,,
1652,210,1,8,8,"square_fita",373.842728965254,1.00495357248724,1.00495357248724,,
1653,213,1,8,8,"square_fita",244.020266322756,1,1,,
1656,221,1,8,8,"square_fita",741.944506421661,1.99447447962812,1.99447447962812,,
1657,222,1,8,8,"square_fita",1392.59464453106,2.68817204301075,2.68817204301075,,
1660,230,1,8,8,"square_fita",3112.6476086235,2.68817204301075,2.68817204301075,,
1661,232,1,8,8,"square_fita",2923.07343416005,2.68817204301075,2.68817204301075,,
1663,237,1,8,8,"square_fita",104.192034896873,1,1,,
1664,240,1,8,8,"square_fita",1457.71529553403,2.68817204301075,2.68817204301075,,
1665,243,1,8,8,"square_fita",1822.1844691316,2.68817204301075,2.68817204301075,,
1668,252,1,8,8,"square_fita",2391.81513927846,2.68817204301075,2.68817204301075,,
1669,255,1,8,8,"square_fita",2867.54612415102,2.68817204301075,2.68817204301075,,
1671,261,1,8,8,"square_fita",154.382008714377,1,1,,
1672,264,1,8,8,"square_fita",308.076003399244,1,1,,
1673,267,1,8,8,"square_fita",554.076921368771,1.489454089701,1.489454089701,,
1677,279,1,8,8,"square_fita",537.246812648629,1.44421186195868,1.44421186195868,,
1680,288,1,8,8,"square_fita",533.947492830104,1.43534272266157,1.43534272266157,,
1681,290,1,8,8,"square_fita",1294.65350839944,2.68817204301075,2.68817204301075,,
1685,299,1,8,8,"square_fita",1209.45820762922,2.68817204301075,2.68817204301075,,
1708,354,1,8,8,"square_fita",110.966044030495,1,1,,
1717,377,1,8,8,"square_fita",70.194698424459,1,1,,
1741,434,1,8,8,"square_fita",1705.76152301516,2.68817204301075,2.68817204301075,,
1744,442,1,8,8,"square_fita",4145.19971908537,2.68817204301075,2.68817204301075,,
1745,443,1,8,8,"square_fita",2135.85971761016,2.68817204301075,2.68817204301075,,
1748,451,1,8,8,"square_fita",6543.90662313575,2.68817204301075,2.68817204301075,,
1749,454,1,8,8,"square_fita",6381.92861202071,2.68817204301075,2.68817204301075,,
1751,459,1,8,8,"square_fita",260.383443647816,1,1,,
1752,462,1,8,8,"square_fita",4882.94822134582,2.68817204301075,2.68817204301075,,
1753,464,1,8,8,"square_fita",6747.81135236563,2.68817204301075,2.68817204301075,,
1756,472,1,8,8,"square_fita",7526.11606621191,2.68817204301075,2.68817204301075,,
1757,473,1,8,8,"square_fita",835.933490245404,2.2471330382941,2.2471330382941,,
1760,481,1,8,8,"square_fita",10365.1643783373,2.68817204301075,2.68817204301075,,
1761,484,1,8,8,"square_fita",7621.72327263992,2.68817204301075,2.68817204301075,,
1764,492,1,8,8,"square_fita",2074.72797256479,2.68817204301075,2.68817204301075,,
1765,494,1,8,8,"square_fita",5045.42314463289,2.68817204301075,2.68817204301075,,
1768,503,1,8,8,"square_fita",7789.27819391138,2.68817204301075,2.68817204301075,,
1769,504,1,8,8,"square_fita",7595.32713988774,2.68817204301075,2.68817204301075,,
1772,512,1,8,8,"square_fita",14549.450079441,2.68817204301075,2.68817204301075,,
1773,514,1,8,8,"square_fita",12191.2906829841,2.68817204301075,2.68817204301075,,
1774,516,1,8,8,"square_fita",100.505370083327,1,1,,
1776,522,1,8,8,"square_fita",7750.15413149152,2.68817204301075,2.68817204301075,,
1777,524,1,8,8,"square_fita",10740.9055586145,2.68817204301075,2.68817204301075,,
1780,532,1,8,8,"square_fita",2285.78156598487,2.68817204301075,2.68817204301075,,
1781,534,1,8,8,"square_fita",4501.55368451377,2.68817204301075,2.68817204301075,,
1783,540,1,8,8,"square_fita",153.591931206358,1,1,,
1784,543,1,8,8,"square_fita",3949.45174990776,2.68817204301075,2.68817204301075,,
1785,544,1,8,8,"square_fita",3044.34414281003,2.68817204301075,2.68817204301075,,
1821,316,1,9,9,"square_fita",56.6097152428811,1,1,,
1836,357,1,9,9,"square_fita",122.664750279538,1,1,,
1840,366,1,9,9,"square_fita",284.521491030792,1.34208250486223,1.34208250486223,,
1844,377,1,9,9,"square_fita",111.825958804596,1,1,,
1848,387,1,9,9,"square_fita",407.108365136668,1.92032247705976,1.92032247705976,,
1872,443,1,9,9,"square_fita",753.065169579812,3.55219419613119,3.55219419613119,,
1876,454,1,9,9,"square_fita",260.677831561764,1.22961241302719,1.22961241302719,,
1880,464,1,9,9,"square_fita",163.25491260116,1,1,,
1884,473,1,9,9,"square_fita",280.167507594295,1.3215448471429,1.3215448471429,,
1887,481,1,9,9,"square_fita",538.523737036676,2.54020630677677,2.54020630677677,,
1892,494,1,9,9,"square_fita",594.115554439492,2.80243186056364,2.80243186056364,,
1895,503,1,9,9,"square_fita",336.770271349471,1.58853901579939,1.58853901579939,,
1896,504,1,9,9,"square_fita",741.526118526893,3.49776471003251,3.49776471003251,,
1899,512,1,9,9,"square_fita",406.691025968497,1.91835389607782,1.91835389607782,,
1900,514,1,9,9,"square_fita",3195.58088641598,4.71698113207547,4.71698113207547,,
1903,522,1,9,9,"square_fita",1053.72844260932,4.71698113207547,4.71698113207547,,
1904,524,1,9,9,"square_fita",968.54128748996,4.56859097872623,4.56859097872623,,
1926,213,1,10,10,"square_fita",79.90544261157,1,1,,
1930,222,1,10,10,"square_fita",219.322035467889,1.75457628374311,1.75457628374311,,
1934,232,1,10,10,"square_fita",1168.65252391206,8,8,,
1937,240,1,10,10,"square_fita",425.436198731731,3.40348958985385,3.40348958985385,,
1938,243,1,10,10,"square_fita",959.721523883196,7.67777219106557,7.67777219106557,,
1940,249,1,10,10,"square_fita",67.8821305114977,1,1,,
1941,252,1,10,10,"square_fita",561.939897521118,4.49551918016895,4.49551918016895,,
1942,255,1,10,10,"square_fita",743.364916198135,5.94691932958508,5.94691932958508,,
1948,273,1,10,10,"square_fita",586.673763383629,4.69339010706903,4.69339010706903,,
1949,276,1,10,10,"square_fita",718.680139350935,5.74944111480748,5.74944111480748,,
1950,279,1,10,10,"square_fita",774.375201029269,6.19500160823416,6.19500160823416,,
1952,285,1,10,10,"square_fita",99.2313758488262,1,1,,
1953,288,1,10,10,"square_fita",1125.73422864789,8,8,,
1956,295,1,10,10,"square_fita",381.067783631058,3.04854226904847,3.04854226904847,,
1957,298,1,10,10,"square_fita",1352.70167407416,8,8,,
1958,299,1,10,10,"square_fita",1367.16912145302,8,8,,
1960,304,1,10,10,"square_fita",550.348371002275,4.4027869680182,4.4027869680182,,
1961,307,1,10,10,"square_fita",1282.42296155385,8,8,,
1962,308,1,10,10,"square_fita",1252.02108304523,8,8,,
1963,310,1,10,10,"square_fita",207.874923473647,1.66299938778918,1.66299938778918,,
1964,313,1,10,10,"square_fita",116.107014087592,1,1,,
1966,317,1,10,10,"square_fita",229.908131270278,1.83926505016223,1.83926505016223,,
1967,319,1,10,10,"square_fita",149.939521150939,1.19951616920751,1.19951616920751,,
1968,322,1,10,10,"square_fita",66.3816640914191,1,1,,
1969,325,1,10,10,"square_fita",246.709216126205,1.97367372900964,1.97367372900964,,
1970,326,1,10,10,"square_fita",66.2075897555841,1,1,,
1972,331,1,10,10,"square_fita",1109.17464723502,8,8,,
1973,334,1,10,10,"square_fita",1265.31195775626,8,8,,
1974,337,1,10,10,"square_fita",304.175229853975,2.4334018388318,2.4334018388318,,
1975,339,1,10,10,"square_fita",188.957477075825,1.5116598166066,1.5116598166066,,
1976,342,1,10,10,"square_fita",220.227644223208,1.76182115378566,1.76182115378566,,
1977,345,1,10,10,"square_fita",491.081696284405,3.92865357027524,3.92865357027524,,
1978,346,1,10,10,"square_fita",335.437117702662,2.68349694162129,2.68349694162129,,
1981,354,1,10,10,"square_fita",4068.07425570283,8,8,,
1982,357,1,10,10,"square_fita",3184.56467682828,8,8,,
1984,362,1,10,10,"square_fita",101.765555134626,1,1,,
1985,365,1,10,10,"square_fita",1839.305496129,8,8,,
1986,366,1,10,10,"square_fita",769.757350791537,6.15805880633229,6.15805880633229,,
1989,375,1,10,10,"square_fita",937.083235890856,7.49666588712685,7.49666588712685,,
1990,377,1,10,10,"square_fita",1419.02311869666,8,8,,
1991,379,1,10,10,"square_fita",100.55307027366,1,1,,
1992,382,1,10,10,"square_fita",59.1475881690159,1,1,,
1993,385,1,10,10,"square_fita",690.380166854644,5.52304133483715,5.52304133483715,,
1994,387,1,10,10,"square_fita",1386.87000371937,8,8,,
1995,389,1,10,10,"square_fita",86.9323092868177,1,1,,
1996,392,1,10,10,"square_fita",85.3016945474275,1,1,,
1997,395,1,10,10,"square_fita",804.279611243406,6.43423688994725,6.43423688994725,,
1998,397,1,10,10,"square_fita",512.744166754409,4.10195333403527,4.10195333403527,,
1999,399,1,10,10,"square_fita",124.196646644656,1,1,,
2000,402,1,10,10,"square_fita",185.758430446119,1.48606744356895,1.48606744356895,,
2001,405,1,10,10,"square_fita",1269.0532742044,8,8,,
2002,406,1,10,10,"square_fita",2546.79151316858,8,8,,
2003,408,1,10,10,"square_fita",151.380030244038,1.21104024195231,1.21104024195231,,
2005,414,1,10,10,"square_fita",1221.77465881714,8,8,,
2006,415,1,10,10,"square_fita",1691.62738711751,8,8,,
2007,418,1,10,10,"square_fita",342.884388593907,2.74307510875125,2.74307510875125,,
2009,424,1,10,10,"square_fita",283.0985731754,2.2647885854032,2.2647885854032,,
2010,425,1,10,10,"square_fita",902.212918347038,7.21770334677631,7.21770334677631,,
2011,427,1,10,10,"square_fita",318.157693770475,2.5452615501638,2.5452615501638,,
2012,430,1,10,10,"square_fita",76.1299612259611,1,1,,
2013,433,1,10,10,"square_fita",757.51968503937,6.06015748031496,6.06015748031496,,
2014,434,1,10,10,"square_fita",772.177584979371,6.17742067983497,6.17742067983497,,
2015,436,1,10,10,"square_fita",270.572214841526,2.16457771873221,2.16457771873221,,
2016,439,1,10,10,"square_fita",251.012182102984,2.00809745682387,2.00809745682387,,
2017,442,1,10,10,"square_fita",482.461265894549,3.85969012715639,3.85969012715639,,
2018,443,1,10,10,"square_fita",618.033371360815,4.94426697088652,4.94426697088652,,
2021,451,1,10,10,"square_fita",907.460141596839,7.25968113277471,7.25968113277471,,
2022,454,1,10,10,"square_fita",512.023364924,4.096186919392,4.096186919392,,
2023,456,1,10,10,"square_fita",189.709881258429,1.51767905006743,1.51767905006743,,
2025,462,1,10,10,"square_fita",192.137654240326,1.5371012339226,1.5371012339226,,
2026,464,1,10,10,"square_fita",86.2865687338526,1,1,,
2029,472,1,10,10,"square_fita",66.830546884836,1,1,,
2030,473,1,10,10,"square_fita",98.53697552137,1,1,,
2033,481,1,10,10,"square_fita",281.983217488461,2.25586573990769,2.25586573990769,,
2189,292,1,11,11,"square_fita",221,8.18518518518519,8.18518518518519,,
2190,293,1,11,11,"square_fita",317,11.7407407407407,11.7407407407407,,
2191,294,1,11,11,"square_fita",722,26.7407407407407,26.7407407407407,,
2192,295,1,11,11,"square_fita",584,21.6296296296296,21.6296296296296,,
2193,296,1,11,11,"square_fita",460,17.037037037037,17.037037037037,,
2194,297,1,11,11,"square_fita",840,31.1111111111111,31.1111111111111,,
2197,301,1,11,11,"square_fita",149,5.51851851851852,5.51851851851852,,
2198,302,1,11,11,"square_fita",288,10.6666666666667,10.6666666666667,,
2199,303,1,11,11,"square_fita",918,34,34,,
2200,304,1,11,11,"square_fita",922,34.1481481481481,34.1481481481481,,
2201,305,1,11,11,"square_fita",328,12.1481481481481,12.1481481481481,,
2202,306,1,11,11,"square_fita",301,11.1481481481481,11.1481481481481,,
2205,311,1,11,11,"square_fita",260,9.62962962962963,9.62962962962963,,
2206,312,1,11,11,"square_fita",1252,37.037037037037,37.037037037037,,
2207,313,1,11,11,"square_fita",680,25.1851851851852,25.1851851851852,,
2208,314,1,11,11,"square_fita",682,25.2592592592593,25.2592592592593,,
2209,315,1,11,11,"square_fita",281,10.4074074074074,10.4074074074074,,
2212,319,1,11,11,"square_fita",251,9.2962962962963,9.2962962962963,,
2213,320,1,11,11,"square_fita",311,11.5185185185185,11.5185185185185,,
2214,321,1,11,11,"square_fita",1141,37.037037037037,37.037037037037,,
2215,322,1,11,11,"square_fita",863,31.962962962963,31.962962962963,,
2216,323,1,11,11,"square_fita",830,30.7407407407407,30.7407407407407,,
2217,324,1,11,11,"square_fita",315,11.6666666666667,11.6666666666667,,
2219,330,1,11,11,"square_fita",1126,37.037037037037,37.037037037037,,
2220,331,1,11,11,"square_fita",859,31.8148148148148,31.8148148148148,,
2221,332,1,11,11,"square_fita",576,21.3333333333333,21.3333333333333,,
2222,333,1,11,11,"square_fita",447,16.5555555555556,16.5555555555556,,
2227,340,1,11,11,"square_fita",329,12.1851851851852,12.1851851851852,,
2228,341,1,11,11,"square_fita",801,29.6666666666667,29.6666666666667,,
2229,342,1,11,11,"square_fita",724,26.8148148148148,26.8148148148148,,
2230,343,1,11,11,"square_fita",537,19.8888888888889,19.8888888888889,,
2231,344,1,11,11,"square_fita",427,15.8148148148148,15.8148148148148,,
2234,349,1,11,11,"square_fita",454,16.8148148148148,16.8148148148148,,
2235,350,1,11,11,"square_fita",790,29.2592592592593,29.2592592592593,,
2236,351,1,11,11,"square_fita",930,34.4444444444444,34.4444444444444,,
2237,352,1,11,11,"square_fita",876,32.4444444444444,32.4444444444444,,
2238,353,1,11,11,"square_fita",328,12.1481481481481,12.1481481481481,,
2243,359,1,11,11,"square_fita",248,9.18518518518519,9.18518518518519,,
2244,360,1,11,11,"square_fita",968,35.8518518518519,35.8518518518519,,
2245,361,1,11,11,"square_fita",994,36.8148148148148,36.8148148148148,,
2246,362,1,11,11,"square_fita",623,23.0740740740741,23.0740740740741,,
2247,363,1,11,11,"square_fita",781,28.9259259259259,28.9259259259259,,
2248,364,1,11,11,"square_fita",410,15.1851851851852,15.1851851851852,,
2252,369,1,11,11,"square_fita",272,10.0740740740741,10.0740740740741,,
2253,370,1,11,11,"square_fita",318,11.7777777777778,11.7777777777778,,
2254,371,1,11,11,"square_fita",1376,37.037037037037,37.037037037037,,
2255,372,1,11,11,"square_fita",1080,37.037037037037,37.037037037037,,
2256,373,1,11,11,"square_fita",1094,37.037037037037,37.037037037037,,
2257,374,1,11,11,"square_fita",330,12.2222222222222,12.2222222222222,,
2261,379,1,11,11,"square_fita",170,6.2962962962963,6.2962962962963,,
2262,380,1,11,11,"square_fita",301,11.1481481481481,11.1481481481481,,
2263,381,1,11,11,"square_fita",953,35.2962962962963,35.2962962962963,,
2264,382,1,11,11,"square_fita",697,25.8148148148148,25.8148148148148,,
2265,383,1,11,11,"square_fita",1059,37.037037037037,37.037037037037,,
2266,384,1,11,11,"square_fita",296,10.962962962963,10.962962962963,,
2271,390,1,11,11,"square_fita",283,10.4814814814815,10.4814814814815,,
2272,391,1,11,11,"square_fita",861,31.8888888888889,31.8888888888889,,
2273,392,1,11,11,"square_fita",1333,37.037037037037,37.037037037037,,
2274,393,1,11,11,"square_fita",807,29.8888888888889,29.8888888888889,,
2275,394,1,11,11,"square_fita",523,19.3703703703704,19.3703703703704,,
2278,399,1,11,11,"square_fita",188,6.96296296296296,6.96296296296296,,
2279,400,1,11,11,"square_fita",309,11.4444444444444,11.4444444444444,,
2280,401,1,11,11,"square_fita",1292,37.037037037037,37.037037037037,,
2281,402,1,11,11,"square_fita",1176,37.037037037037,37.037037037037,,
2282,403,1,11,11,"square_fita",1152,37.037037037037,37.037037037037,,
2283,404,1,11,11,"square_fita",959,35.5185185185185,35.5185185185185,,
2296,419,1,11,11,"square_fita",294,10.8888888888889,10.8888888888889,,
2297,420,1,11,11,"square_fita",736,27.2592592592593,27.2592592592593,,
2298,421,1,11,11,"square_fita",1974,37.037037037037,37.037037037037,,
2299,422,1,11,11,"square_fita",1580,37.037037037037,37.037037037037,,
2300,423,1,11,11,"square_fita",786,29.1111111111111,29.1111111111111,,
2303,427,1,11,11,"square_fita",281,10.4074074074074,10.4074074074074,,
2304,428,1,11,11,"square_fita",337,12.4814814814815,12.4814814814815,,
2305,429,1,11,11,"square_fita",1157,37.037037037037,37.037037037037,,
2306,430,1,11,11,"square_fita",1860,37.037037037037,37.037037037037,,
2307,431,1,11,11,"square_fita",1125,37.037037037037,37.037037037037,,
2308,432,1,11,11,"square_fita",769,28.4814814814815,28.4814814814815,,
2310,436,1,11,11,"square_fita",264,9.77777777777778,9.77777777777778,,
2311,437,1,11,11,"square_fita",423,15.6666666666667,15.6666666666667,,
2312,438,1,11,11,"square_fita",1464,37.037037037037,37.037037037037,,
2313,439,1,11,11,"square_fita",1492,37.037037037037,37.037037037037,,
2314,440,1,11,11,"square_fita",1426,37.037037037037,37.037037037037,,
2315,441,1,11,11,"square_fita",694,25.7037037037037,25.7037037037037,,
2317,445,1,11,11,"square_fita",210,7.77777777777778,7.77777777777778,,
2318,446,1,11,11,"square_fita",759,28.1111111111111,28.1111111111111,,
2319,447,1,11,11,"square_fita",1056,37.037037037037,37.037037037037,,
2320,448,1,11,11,"square_fita",1500,37.037037037037,37.037037037037,,
2321,449,1,11,11,"square_fita",1242,37.037037037037,37.037037037037,,
2322,450,1,11,11,"square_fita",537,19.8888888888889,19.8888888888889,,
2327,456,1,11,11,"square_fita",232,8.59259259259259,8.59259259259259,,
2328,457,1,11,11,"square_fita",737,27.2962962962963,27.2962962962963,,
2329,458,1,11,11,"square_fita",972,36,36,,
2330,459,1,11,11,"square_fita",1302,37.037037037037,37.037037037037,,
2331,460,1,11,11,"square_fita",1402,37.037037037037,37.037037037037,,
2332,461,1,11,11,"square_fita",315,11.6666666666667,11.6666666666667,,
2335,466,1,11,11,"square_fita",202,7.48148148148148,7.48148148148148,,
2336,467,1,11,11,"square_fita",1169,37.037037037037,37.037037037037,,
2337,468,1,11,11,"square_fita",810,30,30,,
2338,469,1,11,11,"square_fita",693,25.6666666666667,25.6666666666667,,
2339,470,1,11,11,"square_fita",1139,37.037037037037,37.037037037037,,
2340,471,1,11,11,"square_fita",331,12.2592592592593,12.2592592592593,,
2342,475,1,11,11,"square_fita",190,7.03703703703704,7.03703703703704,,
2343,476,1,11,11,"square_fita",483,17.8888888888889,17.8888888888889,,
2344,477,1,11,11,"square_fita",880,32.5925925925926,32.5925925925926,,
2345,478,1,11,11,"square_fita",1350,37.037037037037,37.037037037037,,
2346,479,1,11,11,"square_fita",1145,37.037037037037,37.037037037037,,
2347,480,1,11,11,"square_fita",315,11.6666666666667,11.6666666666667,,
2352,486,1,11,11,"square_fita",214,7.92592592592593,7.92592592592593,,
2353,487,1,11,11,"square_fita",1131,37.037037037037,37.037037037037,,
2354,488,1,11,11,"square_fita",741,27.4444444444444,27.4444444444444,,
2355,489,1,11,11,"square_fita",487,18.037037037037,18.037037037037,,
2356,490,1,11,11,"square_fita",945,35,35,,
2357,491,1,11,11,"square_fita",234,8.66666666666667,8.66666666666667,,
2361,497,1,11,11,"square_fita",171,6.33333333333333,6.33333333333333,,
2362,498,1,11,11,"square_fita",565,20.9259259259259,20.9259259259259,,
2363,499,1,11,11,"square_fita",1351,37.037037037037,37.037037037037,,
2364,500,1,11,11,"square_fita",629,23.2962962962963,23.2962962962963,,
2365,501,1,11,11,"square_fita",760,28.1481481481481,28.1481481481481,,
2366,502,1,11,11,"square_fita",630,23.3333333333333,23.3333333333333,,
2369,506,1,11,11,"square_fita",179,6.62962962962963,6.62962962962963,,
2370,507,1,11,11,"square_fita",1023,37.037037037037,37.037037037037,,
2371,508,1,11,11,"square_fita",1381,37.037037037037,37.037037037037,,
2372,509,1,11,11,"square_fita",1451,37.037037037037,37.037037037037,,
2373,510,1,11,11,"square_fita",1147,37.037037037037,37.037037037037,,
2374,511,1,11,11,"square_fita",646,23.9259259259259,23.9259259259259,,
2378,516,1,11,11,"square_fita",192,7.11111111111111,7.11111111111111,,
2379,517,1,11,11,"square_fita",953,35.2962962962963,35.2962962962963,,
2380,518,1,11,11,"square_fita",803,29.7407407407407,29.7407407407407,,
2381,519,1,11,11,"square_fita",1425,37.037037037037,37.037037037037,,
2382,520,1,11,11,"square_fita",929,34.4074074074074,34.4074074074074,,
2383,521,1,11,11,"square_fita",301,11.1481481481481,11.1481481481481,,
2387,526,1,11,11,"square_fita",291,10.7777777777778,10.7777777777778,,
2388,527,1,11,11,"square_fita",924,34.2222222222222,34.2222222222222,,
2389,528,1,11,11,"square_fita",1182,37.037037037037,37.037037037037,,
2390,529,1,11,11,"square_fita",1125,37.037037037037,37.037037037037,,
2391,530,1,11,11,"square_fita",1130,37.037037037037,37.037037037037,,
2392,531,1,11,11,"square_fita",302,11.1851851851852,11.1851851851852,,
2396,537,1,11,11,"square_fita",248,9.18518518518519,9.18518518518519,,
2397,538,1,11,11,"square_fita",314,11.6296296296296,11.6296296296296,,
2398,539,1,11,11,"square_fita",741,27.4444444444444,27.4444444444444,,
2399,540,1,11,11,"square_fita",1423,37.037037037037,37.037037037037,,
2400,541,1,11,11,"square_fita",813,30.1111111111111,30.1111111111111,,
2401,542,1,11,11,"square_fita",265,9.81481481481481,9.81481481481481,,
2403,186,1,12,12,"square_fita",965,26.0810810810811,26.0810810810811,,
2404,187,1,12,12,"square_fita",258,6.97297297297297,6.97297297297297,,
2405,188,1,12,12,"square_fita",258,6.97297297297297,6.97297297297297,,
2406,189,1,12,12,"square_fita",273,7.37837837837838,7.37837837837838,,
2407,196,1,12,12,"square_fita",447,12.0810810810811,12.0810810810811,,
2408,197,1,12,12,"square_fita",223,6.02702702702703,6.02702702702703,,
2409,198,1,12,12,"square_fita",955,25.8108108108108,25.8108108108108,,
2410,199,1,12,12,"square_fita",379,10.2432432432432,10.2432432432432,,
2411,200,1,12,12,"square_fita",129,3.48648648648649,3.48648648648649,,
2412,205,1,12,12,"square_fita",405,10.9459459459459,10.9459459459459,,
2413,206,1,12,12,"square_fita",572,15.4594594594595,15.4594594594595,,
2414,207,1,12,12,"square_fita",380,10.2702702702703,10.2702702702703,,
2415,208,1,12,12,"square_fita",1276,27.027027027027,27.027027027027,,
2418,217,1,12,12,"square_fita",512,13.8378378378378,13.8378378378378,,
2420,219,1,12,12,"square_fita",66,1.78378378378378,1.78378378378378,,
2423,225,1,12,12,"square_fita",149,4.02702702702703,4.02702702702703,,
2424,226,1,12,12,"square_fita",535,14.4594594594595,14.4594594594595,,
2425,227,1,12,12,"square_fita",2063,27.027027027027,27.027027027027,,
2426,228,1,12,12,"square_fita",1113,27.027027027027,27.027027027027,,
2428,235,1,12,12,"square_fita",446,12.0540540540541,12.0540540540541,,
2429,236,1,12,12,"square_fita",3686,27.027027027027,27.027027027027,,
2430,237,1,12,12,"square_fita",1411,27.027027027027,27.027027027027,,
2431,238,1,12,12,"square_fita",2011,27.027027027027,27.027027027027,,
2432,239,1,12,12,"square_fita",99,2.67567567567568,2.67567567567568,,
2462,303,1,12,12,"square_fita",900,24.3243243243243,24.3243243243243,,
2463,304,1,12,12,"square_fita",2450,27.027027027027,27.027027027027,,
2464,305,1,12,12,"square_fita",100,2.7027027027027,2.7027027027027,,
2576,204,1,13,13,"square_fita",3785,2.79329608938547,2.79329608938547,,
2579,215,1,13,13,"square_fita",13281,2.79329608938547,2.79329608938547,,
2618,63,2,14,14,"square_fita",247.167167149068,2.00948916381356,2.00948916381356,,
2623,70,2,14,14,"square_fita",232.615479013484,1.89118275620718,1.89118275620718,,
2640,91,2,14,14,"square_fita",546.163252761591,4.44035164846822,4.44035164846822,,
2642,93,2,14,14,"square_fita",63.3142639896492,1,1,,
2643,95,2,14,14,"square_fita",764.10320249163,6.21222115846853,6.21222115846853,,
2644,96,2,14,14,"square_fita",300.223674030223,2.44084287829449,2.44084287829449,,
2645,97,2,14,14,"square_fita",117.081817026527,1,1,,
2646,98,2,14,14,"square_fita",89.5995369791463,1,1,,
2647,100,2,14,14,"square_fita",597.916689285383,4.86111129500311,4.86111129500311,,
2651,105,2,14,14,"square_fita",566.820335245282,4.60829540849823,4.60829540849823,,
2652,106,2,14,14,"square_fita",92.3963467671789,1,1,,
2657,112,2,14,14,"square_fita",74.416808902847,1,1,,
2659,115,2,14,14,"square_fita",139.622012181704,1.13513831042036,1.13513831042036,,
2660,116,2,14,14,"square_fita",140.865438970952,1.14524747130855,1.14524747130855,,
2661,117,2,14,14,"square_fita",545.751862032793,4.4370070083967,4.4370070083967,,
2662,118,2,14,14,"square_fita",881.086797297734,7.16330729510353,7.16330729510353,,
2663,120,2,14,14,"square_fita",1673.36979457772,8.13008130081301,8.13008130081301,,
2665,122,2,14,14,"square_fita",197.793519330497,1.60807739293087,1.60807739293087,,
2666,123,2,14,14,"square_fita",255.581531580092,2.07789863073245,2.07789863073245,,
2667,125,2,14,14,"square_fita",4408.67569834694,8.13008130081301,8.13008130081301,,
2668,126,2,14,14,"square_fita",403.050137657692,3.27683038746091,3.27683038746091,,
2669,127,2,14,14,"square_fita",1763.53345412151,8.13008130081301,8.13008130081301,,
2671,130,2,14,14,"square_fita",184.874730828895,1.50304659210484,1.50304659210484,,
2672,131,2,14,14,"square_fita",480.743608494792,3.90848462190888,3.90848462190888,,
2675,135,2,14,14,"square_fita",160.119685126552,1.30178605793945,1.30178605793945,,
2687,155,2,14,14,"square_fita",80.4586101014001,1,1,,
2690,163,2,14,14,"square_fita",103.655419844335,1,1,,
2693,171,2,14,14,"square_fita",278.68349254122,2.26571945155463,2.26571945155463,,
2695,175,2,14,14,"square_fita",2102.29720805587,8.13008130081301,8.13008130081301,,
2697,181,2,14,14,"square_fita",307.266497512279,2.49810160579088,2.49810160579088,,
2698,182,2,14,14,"square_fita",102.39604600451,1,1,,
2699,184,2,14,14,"square_fita",1296.62867471522,8.13008130081301,8.13008130081301,,
2702,192,2,14,14,"square_fita",68.5619754718343,1,1,,
2703,195,2,14,14,"square_fita",2336.30178207634,8.13008130081301,8.13008130081301,,
2707,204,2,14,14,"square_fita",577.79968198986,4.69755839016146,4.69755839016146,,
2708,207,2,14,14,"square_fita",73.7829615651885,1,1,,
2711,215,2,14,14,"square_fita",430.372742366509,3.49896538509357,3.49896538509357,,
2712,218,2,14,14,"square_fita",115.55988375942,1,1,,
2713,221,2,14,14,"square_fita",80.3893807228615,1,1,,
2714,222,2,14,14,"square_fita",151.529221425849,1.23194488964105,1.23194488964105,,
2715,224,2,14,14,"square_fita",326.558199890627,2.65494471455794,2.65494471455794,,
2716,227,2,14,14,"square_fita",181.688928197044,1.47714575769954,1.47714575769954,,
2717,230,2,14,14,"square_fita",366.646988232319,2.98086982302699,2.98086982302699,,
2719,234,2,14,14,"square_fita",838.544740690787,6.81743691618526,6.81743691618526,,
2723,246,2,14,14,"square_fita",471.15113716136,3.83049705009235,3.83049705009235,,
2724,249,2,14,14,"square_fita",151.215703405139,1.22939596264341,1.22939596264341,,
2725,252,2,14,14,"square_fita",578.832039850654,4.70595154350125,4.70595154350125,,
2726,255,2,14,14,"square_fita",231.692996283208,1.88368289661145,1.88368289661145,,
2727,258,2,14,14,"square_fita",370.616127678582,3.01313924941937,3.01313924941937,,
2729,264,2,14,14,"square_fita",423.713702204546,3.44482684719143,3.44482684719143,,
2730,267,2,14,14,"square_fita",264.675643142573,2.15183449709409,2.15183449709409,,
2731,270,2,14,14,"square_fita",540.781344948077,4.39659630039087,4.39659630039087,,
2732,273,2,14,14,"square_fita",66.0384229039089,1,1,,
2733,276,2,14,14,"square_fita",512.063516433948,4.1631180197882,4.1631180197882,,
2734,279,2,14,14,"square_fita",402.806711417422,3.27485131233676,3.27485131233676,,
2735,282,2,14,14,"square_fita",1049.15473126596,8.13008130081301,8.13008130081301,,
2736,285,2,14,14,"square_fita",147.734519542136,1.20109365481411,1.20109365481411,,
2737,288,2,14,14,"square_fita",1083.53022792137,8.13008130081301,8.13008130081301,,
2738,290,2,14,14,"square_fita",809.910281190639,6.58463643244422,6.58463643244422,,
2741,298,2,14,14,"square_fita",399.4453056198,3.24752280991707,3.24752280991707,,
2742,299,2,14,14,"square_fita",169.061729254893,1.37448560369832,1.37448560369832,,
2744,304,2,14,14,"square_fita",286.51757079781,2.32941114469764,2.32941114469764,,
2745,307,2,14,14,"square_fita",252.258395482312,2.05088126408383,2.05088126408383,,
2746,308,2,14,14,"square_fita",313.473640724731,2.54856618475391,2.54856618475391,,
2747,310,2,14,14,"square_fita",471.409088184742,3.83259421288408,3.83259421288408,,
2748,313,2,14,14,"square_fita",135.486217110912,1.10151396025131,1.10151396025131,,
2749,316,2,14,14,"square_fita",429.938670766938,3.49543634769868,3.49543634769868,,
2759,339,2,14,14,"square_fita",115.501993235199,1,1,,
2764,351,2,14,14,"square_fita",327.105423780905,2.65939368927565,2.65939368927565,,
2765,354,2,14,14,"square_fita",331.521005412815,2.69529272693346,2.69529272693346,,
2766,357,2,14,14,"square_fita",154.675835139189,1.25752711495276,1.25752711495276,,
2770,366,2,14,14,"square_fita",56.2855991167038,1,1,,
2772,372,2,14,14,"square_fita",337.089433903688,2.74056450328202,2.74056450328202,,
2773,375,2,14,14,"square_fita",518.953400488831,4.21913333730757,4.21913333730757,,
2774,377,2,14,14,"square_fita",411.408148245713,3.34478169305458,3.34478169305458,,
2775,379,2,14,14,"square_fita",508.76544472524,4.13630442866049,4.13630442866049,,
2776,382,2,14,14,"square_fita",505.001657265802,4.10570453061628,4.10570453061628,,
2782,397,2,14,14,"square_fita",374.057295974494,3.04111622743491,3.04111622743491,,
2783,399,2,14,14,"square_fita",601.97887115473,4.8941371638596,4.8941371638596,,
2790,415,2,14,14,"square_fita",288.473563572451,2.34531352497927,2.34531352497927,,
2798,434,2,14,14,"square_fita",583.632349422375,4.74497845058841,4.74497845058841,,
2799,436,2,14,14,"square_fita",180.594871035542,1.46825098402879,1.46825098402879,,
2803,445,2,14,14,"square_fita",516.915459952152,4.20256471505814,4.20256471505814,,
2804,448,2,14,14,"square_fita",266.654504517029,2.16792280095145,2.16792280095145,,
2805,451,2,14,14,"square_fita",637.074884559622,5.17947060617579,5.17947060617579,,
2806,454,2,14,14,"square_fita",705.826001955353,5.73842278012482,5.73842278012482,,
2807,456,2,14,14,"square_fita",3675.94128963955,8.13008130081301,8.13008130081301,,
2808,459,2,14,14,"square_fita",243.230588208512,1.97748445697977,1.97748445697977,,
2809,462,2,14,14,"square_fita",2364.81017596378,8.13008130081301,8.13008130081301,,
2810,464,2,14,14,"square_fita",185.268159327529,1.50624519778479,1.50624519778479,,
2811,466,2,14,14,"square_fita",3191.715840757,8.13008130081301,8.13008130081301,,
2812,469,2,14,14,"square_fita",1164.09633992458,8.13008130081301,8.13008130081301,,
2814,473,2,14,14,"square_fita",283.197124155872,2.30241564354367,2.30241564354367,,
2815,475,2,14,14,"square_fita",2641.54855660841,8.13008130081301,8.13008130081301,,
2816,478,2,14,14,"square_fita",1031.17575313845,8.13008130081301,8.13008130081301,,
2818,484,2,14,14,"square_fita",949.766328771732,7.72167746968888,7.72167746968888,,
2819,486,2,14,14,"square_fita",3928.47680049682,8.13008130081301,8.13008130081301,,
2820,489,2,14,14,"square_fita",1715.64222257432,8.13008130081301,8.13008130081301,,
2821,492,2,14,14,"square_fita",182.477692079309,1.4835584721895,1.4835584721895,,
2822,494,2,14,14,"square_fita",1309.61804806302,8.13008130081301,8.13008130081301,,
2823,497,2,14,14,"square_fita",7797.32399000484,8.13008130081301,8.13008130081301,,
2824,500,2,14,14,"square_fita",2219.81892726775,8.13008130081301,8.13008130081301,,
2825,503,2,14,14,"square_fita",278.898323684642,2.2674660462166,2.2674660462166,,
2826,504,2,14,14,"square_fita",928.882898332433,7.5518934823775,7.5518934823775,,
2827,506,2,14,14,"square_fita",6342.52410256585,8.13008130081301,8.13008130081301,,
2828,509,2,14,14,"square_fita",2440.67180524023,8.13008130081301,8.13008130081301,,
2830,514,2,14,14,"square_fita",4005.20529447767,8.13008130081301,8.13008130081301,,
2831,516,2,14,14,"square_fita",22681.7151415632,8.13008130081301,8.13008130081301,,
2832,519,2,14,14,"square_fita",4490.87571518313,8.13008130081301,8.13008130081301,,
2833,522,2,14,14,"square_fita",501.065248463302,4.07370120701871,4.07370120701871,,
2834,524,2,14,14,"square_fita",1493.65128747397,8.13008130081301,8.13008130081301,,
2835,526,2,14,14,"square_fita",20131.725619532,8.13008130081301,8.13008130081301,,
2836,529,2,14,14,"square_fita",6622.14333290495,8.13008130081301,8.13008130081301,,
2837,532,2,14,14,"square_fita",560.54858747507,4.55730558922821,4.55730558922821,,
2838,534,2,14,14,"square_fita",973.087081619845,7.9112770863402,7.9112770863402,,
2839,537,2,14,14,"square_fita",11852.7568806171,8.13008130081301,8.13008130081301,,
2840,540,2,14,14,"square_fita",11621.2674716045,8.13008130081301,8.13008130081301,,
2841,543,2,14,14,"square_fita",1418.96088925438,8.13008130081301,8.13008130081301,,
2842,544,2,14,14,"square_fita",648.926242258375,5.27582310779167,5.27582310779167,,
2873,75,2,15,15,"square_fita",288.500903547826,1.19709918484575,1.19709918484575,,
2880,83,2,15,15,"square_fita",140.066236819437,1,1,,
2898,108,2,15,15,"square_fita",52.5927157824713,1,1,,
2905,117,2,15,15,"square_fita",60.165639952892,1,1,,
2906,118,2,15,15,"square_fita",323.346960129368,1.34168863124219,1.34168863124219,,
2907,120,2,15,15,"square_fita",316.228412256267,1.31215108820028,1.31215108820028,,
2913,127,2,15,15,"square_fita",171.553935003915,1,1,,
2914,128,2,15,15,"square_fita",116.847545200952,1,1,,
2916,132,2,15,15,"square_fita",52.7440970006382,1,1,,
2917,133,2,15,15,"square_fita",572.655400546527,2.37616348774492,2.37616348774492,,
2918,135,2,15,15,"square_fita",150.18718135157,1,1,,
2940,182,2,15,15,"square_fita",197.286029638201,1,1,,
2944,192,2,15,15,"square_fita",403.639535274885,1.67485284346425,1.67485284346425,,
2948,202,2,15,15,"square_fita",147.499004836495,1,1,,
2951,213,2,15,15,"square_fita",70.5586621420035,1,1,,
2953,221,2,15,15,"square_fita",56.6512836465444,1,1,,
2954,222,2,15,15,"square_fita",502.80115737727,2.08631185633722,2.08631185633722,,
2956,230,2,15,15,"square_fita",270.876477590744,1.12396878668359,1.12396878668359,,
2957,232,2,15,15,"square_fita",1695.07048009682,4.149377593361,4.149377593361,,
2960,240,2,15,15,"square_fita",131.844398285351,1,1,,
2961,243,2,15,15,"square_fita",1091.35394359621,4.149377593361,4.149377593361,,
2962,246,2,15,15,"square_fita",227.33551729183,1,1,,
2965,255,2,15,15,"square_fita",503.743992944521,2.09022403711419,2.09022403711419,,
2967,264,2,15,15,"square_fita",397.216901768718,1.64820291190339,1.64820291190339,,
2968,267,2,15,15,"square_fita",423.233732757769,1.75615656745962,1.75615656745962,,
2971,276,2,15,15,"square_fita",78.7003515462074,1,1,,
2972,279,2,15,15,"square_fita",1039.47969082057,4.149377593361,4.149377593361,,
2975,290,2,15,15,"square_fita",733.453722175177,3.0433764405609,3.0433764405609,,
2990,326,2,15,15,"square_fita",99.0242840841202,1,1,,
2993,334,2,15,15,"square_fita",103.826179846797,1,1,,
2994,337,2,15,15,"square_fita",537.042887403607,2.22839372366642,2.22839372366642,,
3001,354,2,15,15,"square_fita",253.123766235674,1.05030608396545,1.05030608396545,,
3002,357,2,15,15,"square_fita",287.392157042969,1.19249857694178,1.19249857694178,,
3006,366,2,15,15,"square_fita",1299.02438893632,4.149377593361,4.149377593361,,
3009,375,2,15,15,"square_fita",86.3261860107041,1,1,,
3010,377,2,15,15,"square_fita",494.744219021873,2.05288057685424,2.05288057685424,,
3013,385,2,15,15,"square_fita",174.665756402357,1,1,,
3014,387,2,15,15,"square_fita",745.588676665077,3.09372894881775,3.09372894881775,,
3016,395,2,15,15,"square_fita",291.011231429939,1.20751548311178,1.20751548311178,,
3017,397,2,15,15,"square_fita",1042.52158565863,4.149377593361,4.149377593361,,
3020,405,2,15,15,"square_fita",263.559290626722,1.09360701504864,1.09360701504864,,
3021,406,2,15,15,"square_fita",447.99394650524,1.85889604359021,1.85889604359021,,
3024,415,2,15,15,"square_fita",326.465548267992,1.35462883098752,1.35462883098752,,
3025,418,2,15,15,"square_fita",91.026508608375,1,1,,
3027,424,2,15,15,"square_fita",144.987954504747,1,1,,
3028,425,2,15,15,"square_fita",671.992760814043,2.78835170462258,2.78835170462258,,
3031,433,2,15,15,"square_fita",183.984904747923,1,1,,
3032,434,2,15,15,"square_fita",371.02163797859,1.53950887128046,1.53950887128046,,
3035,443,2,15,15,"square_fita",1845.24234237277,4.149377593361,4.149377593361,,
3036,445,2,15,15,"square_fita",205.399094985226,1,1,,
3038,451,2,15,15,"square_fita",596.001195232966,2.47303400511604,2.47303400511604,,
3039,454,2,15,15,"square_fita",1943.15338927602,4.149377593361,4.149377593361,,
3042,462,2,15,15,"square_fita",203.964256267513,1,1,,
3043,464,2,15,15,"square_fita",579.114775167168,2.40296587206294,2.40296587206294,,
3051,484,2,15,15,"square_fita",188.945688316759,1,1,,
3055,494,2,15,15,"square_fita",873.278943755753,3.62356408197408,3.62356408197408,,
3058,503,2,15,15,"square_fita",455.465805618537,1.88989960837567,1.88989960837567,,
3059,504,2,15,15,"square_fita",2014.64131889764,4.149377593361,4.149377593361,,
3062,514,2,15,15,"square_fita",3671.39185127624,4.149377593361,4.149377593361,,
3064,519,2,15,15,"square_fita",60.6370938298649,1,1,,
3066,524,2,15,15,"square_fita",2963.90462250501,4.149377593361,4.149377593361,,
3067,526,2,15,15,"square_fita",6652.54233639842,4.149377593361,4.149377593361,,
3068,529,2,15,15,"square_fita",87.3713034564214,1,1,,
3070,534,2,15,15,"square_fita",4716.91058278263,4.149377593361,4.149377593361,,
3071,537,2,15,15,"square_fita",114.110078494584,1,1,,
3089,72,2,16,16,"square_fita",147.516379256796,1,1,,
3091,75,2,16,16,"square_fita",410.036692057567,1,1,,
3098,83,2,16,16,"square_fita",1403.61582782514,2.22222222222222,2.22222222222222,,
3099,85,2,16,16,"square_fita",128.826124771255,1,1,,
3122,123,2,16,16,"square_fita",113.329958289671,1,1,,
3123,125,2,16,16,"square_fita",526.990202686963,1.17108933930436,1.17108933930436,,
3126,130,2,16,16,"square_fita",91.3015328062144,1,1,,
3148,190,2,16,16,"square_fita",154.677720183539,1,1,,
3235,456,2,16,16,"square_fita",293.771233176396,1,1,,
3237,462,2,16,16,"square_fita",404.997636627473,1,1,,
3238,464,2,16,16,"square_fita",2200.91010720257,2.22222222222222,2.22222222222222,,
3239,466,2,16,16,"square_fita",1464.01175230786,2.22222222222222,2.22222222222222,,
3247,486,2,16,16,"square_fita",125.55717625215,1,1,,
3254,504,2,16,16,"square_fita",874.786182351643,1.94396929411476,1.94396929411476,,
3260,522,2,16,16,"square_fita",681.544295378565,1.51454287861903,1.51454287861903,,
3261,524,2,16,16,"square_fita",12918.531080552,2.22222222222222,2.22222222222222,,
3265,534,2,16,16,"square_fita",5217.99116210012,2.22222222222222,2.22222222222222,,
3273,239,2,17,17,"square_fita",76,76,76,,
3300,58,1,18,18,"square_fita",3005.87665774565,1.34048257372654,1.34048257372654,,
3301,63,1,18,18,"square_fita",5738.1786308821,1.34048257372654,1.34048257372654,,
3302,68,1,18,18,"square_fita",4925.3963528443,1.34048257372654,1.34048257372654,,
3303,73,1,18,18,"square_fita",971.477056055402,1.30224806441743,1.30224806441743,,
3304,78,1,18,18,"square_fita",1390.63100994718,1.34048257372654,1.34048257372654,,
3305,83,1,18,18,"square_fita",1485.06839543868,1.34048257372654,1.34048257372654,,
3306,88,1,18,18,"square_fita",890.21749532647,1.19332103931162,1.19332103931162,,
3307,93,1,18,18,"square_fita",7773.22975249575,1.34048257372654,1.34048257372654,,
3308,98,1,18,18,"square_fita",8866.59706237845,1.34048257372654,1.34048257372654,,
3309,103,1,18,18,"square_fita",5000.14603860873,1.34048257372654,1.34048257372654,,
3310,108,1,18,18,"square_fita",4633.03747097601,1.34048257372654,1.34048257372654,,
3311,113,1,18,18,"square_fita",4520.4922567202,1.34048257372654,1.34048257372654,,
3312,118,1,18,18,"square_fita",7781.16609907713,1.34048257372654,1.34048257372654,,
3313,123,1,18,18,"square_fita",1983.6666689764,1.34048257372654,1.34048257372654,,
3314,128,1,18,18,"square_fita",1482.75685369552,1.34048257372654,1.34048257372654,,
3315,133,1,18,18,"square_fita",703.783452352556,1,1,,
3317,144,1,18,18,"square_fita",473.770242278948,1,1,,
3318,153,1,18,18,"square_fita",794.71308925086,1.06529904725316,1.06529904725316,,
3319,163,1,18,18,"square_fita",1014.6832238169,1.34048257372654,1.34048257372654,,
3320,173,1,18,18,"square_fita",773.162416029899,1.03641074534839,1.03641074534839,,
3321,182,1,18,18,"square_fita",1669.96337264913,1.34048257372654,1.34048257372654,,
3322,192,1,18,18,"square_fita",1758.60549285907,1.34048257372654,1.34048257372654,,
3323,202,1,18,18,"square_fita",1245.75903684668,1.34048257372654,1.34048257372654,,
3324,213,1,18,18,"square_fita",1604.91516365065,1.34048257372654,1.34048257372654,,
3325,222,1,18,18,"square_fita",1684.05552013283,1.34048257372654,1.34048257372654,,
3326,232,1,18,18,"square_fita",1669.28126063533,1.34048257372654,1.34048257372654,,
3327,243,1,18,18,"square_fita",2701.53546930436,1.34048257372654,1.34048257372654,,
3328,255,1,18,18,"square_fita",9321.42096368389,1.34048257372654,1.34048257372654,,
3329,267,1,18,18,"square_fita",7197.81688170252,1.34048257372654,1.34048257372654,,
3330,279,1,18,18,"square_fita",6991.07796773427,1.34048257372654,1.34048257372654,,
3331,290,1,18,18,"square_fita",11618.7536716029,1.34048257372654,1.34048257372654,,
3332,299,1,18,18,"square_fita",16428.6071941282,1.34048257372654,1.34048257372654,,
3333,308,1,18,18,"square_fita",18273.9144393688,1.34048257372654,1.34048257372654,,
3334,317,1,18,18,"square_fita",14401.4915786578,1.34048257372654,1.34048257372654,,
3335,326,1,18,18,"square_fita",23077.5754596685,1.34048257372654,1.34048257372654,,
3336,337,1,18,18,"square_fita",40647.4512611037,1.34048257372654,1.34048257372654,,
3337,346,1,18,18,"square_fita",92407.2598237426,1.34048257372654,1.34048257372654,,
3338,357,1,18,18,"square_fita",96087.6674612512,1.34048257372654,1.34048257372654,,
3339,366,1,18,18,"square_fita",105228.6784072,1.34048257372654,1.34048257372654,,
3340,377,1,18,18,"square_fita",92982.495063517,1.34048257372654,1.34048257372654,,
3341,387,1,18,18,"square_fita",101008.435974502,1.34048257372654,1.34048257372654,,
3342,397,1,18,18,"square_fita",107046.221596556,1.34048257372654,1.34048257372654,,
3343,406,1,18,18,"square_fita",52326.4920642891,1.34048257372654,1.34048257372654,,
3344,415,1,18,18,"square_fita",81654.3125316568,1.34048257372654,1.34048257372654,,
3345,425,1,18,18,"square_fita",98477.0475893121,1.34048257372654,1.34048257372654,,
3346,434,1,18,18,"square_fita",72232.2781758037,1.34048257372654,1.34048257372654,,
3347,443,1,18,18,"square_fita",44549.8869109585,1.34048257372654,1.34048257372654,,
3348,454,1,18,18,"square_fita",75896.9580243029,1.34048257372654,1.34048257372654,,
3349,464,1,18,18,"square_fita",65468.4606129527,1.34048257372654,1.34048257372654,,
3350,473,1,18,18,"square_fita",73297.2802621464,1.34048257372654,1.34048257372654,,
3351,484,1,18,18,"square_fita",101889.39865609,1.34048257372654,1.34048257372654,,
3352,494,1,18,18,"square_fita",84006.6620386479,1.34048257372654,1.34048257372654,,
3353,504,1,18,18,"square_fita",83788.3185957019,1.34048257372654,1.34048257372654,,
3354,514,1,18,18,"square_fita",107816.113402062,1.34048257372654,1.34048257372654,,
3355,524,1,18,18,"square_fita",69816.2511121524,1.34048257372654,1.34048257372654,,
3356,534,1,18,18,"square_fita",54526.3964089072,1.34048257372654,1.34048257372654,,
3357,544,1,18,18,"square_fita",83376.5000000001,1.34048257372654,1.34048257372654,,
3363,295,1,19,19,"square_fita",965,17.5454545454545,17.5454545454545,,
3364,304,1,19,19,"square_fita",1031,18.1818181818182,18.1818181818182,,
3365,313,1,19,19,"square_fita",1343,18.1818181818182,18.1818181818182,,
3366,322,1,19,19,"square_fita",1387,18.1818181818182,18.1818181818182,,
3367,331,1,19,19,"square_fita",1215,18.1818181818182,18.1818181818182,,
3368,342,1,19,19,"square_fita",1096,18.1818181818182,18.1818181818182,,
3369,351,1,19,19,"square_fita",1368,18.1818181818182,18.1818181818182,,
3370,362,1,19,19,"square_fita",1291,18.1818181818182,18.1818181818182,,
3371,372,1,19,19,"square_fita",1493,18.1818181818182,18.1818181818182,,
3372,382,1,19,19,"square_fita",1512,18.1818181818182,18.1818181818182,,
3373,392,1,19,19,"square_fita",1408,18.1818181818182,18.1818181818182,,
3374,402,1,19,19,"square_fita",1868,18.1818181818182,18.1818181818182,,
3376,421,1,19,19,"square_fita",1557,18.1818181818182,18.1818181818182,,
3377,430,1,19,19,"square_fita",1749,18.1818181818182,18.1818181818182,,
3378,439,1,19,19,"square_fita",1877,18.1818181818182,18.1818181818182,,
3379,448,1,19,19,"square_fita",1725,18.1818181818182,18.1818181818182,,
3380,459,1,19,19,"square_fita",1528,18.1818181818182,18.1818181818182,,
3381,469,1,19,19,"square_fita",1413,18.1818181818182,18.1818181818182,,
3382,478,1,19,19,"square_fita",1343,18.1818181818182,18.1818181818182,,
3383,489,1,19,19,"square_fita",1012,18.1818181818182,18.1818181818182,,
3384,500,1,19,19,"square_fita",1354,18.1818181818182,18.1818181818182,,
3385,509,1,19,19,"square_fita",1854,18.1818181818182,18.1818181818182,,
3386,519,1,19,19,"square_fita",1624,18.1818181818182,18.1818181818182,,
3387,529,1,19,19,"square_fita",528,9.6,9.6,,
3388,540,1,19,19,"square_fita",583,10.6,10.6,,
3401,63,2,20,20,"square_fita",153.216805813017,2.51175091496749,2.51175091496749,,
3402,68,2,20,20,"square_fita",153.973012701253,2.52414774920087,2.52414774920087,,
3406,88,2,20,20,"square_fita",259.136998571059,4.24814751755835,4.24814751755835,,
3408,98,2,20,20,"square_fita",56.6619221210966,1,1,,
3411,113,2,20,20,"square_fita",68.8318776589769,1.12839143703241,1.12839143703241,,
3412,118,2,20,20,"square_fita",3283.63563980588,16.3934426229508,16.3934426229508,,
3413,123,2,20,20,"square_fita",5021.52116260079,16.3934426229508,16.3934426229508,,
3414,128,2,20,20,"square_fita",1905.30565062989,16.3934426229508,16.3934426229508,,
3415,133,2,20,20,"square_fita",437.128591846201,7.16604248928199,7.16604248928199,,
3418,153,2,20,20,"square_fita",69.1542248074178,1.13367581651505,1.13367581651505,,
3419,163,2,20,20,"square_fita",86.9345369368509,1.42515634322706,1.42515634322706,,
3420,173,2,20,20,"square_fita",1232.64364061869,16.3934426229508,16.3934426229508,,
3421,182,2,20,20,"square_fita",621.263268580407,10.1846437472198,10.1846437472198,,
3422,192,2,20,20,"square_fita",1366.62102844632,16.3934426229508,16.3934426229508,,
3423,202,2,20,20,"square_fita",370.785825358877,6.07845615342421,6.07845615342421,,
3424,213,2,20,20,"square_fita",142.800267911205,2.34098799854434,2.34098799854434,,
3426,232,2,20,20,"square_fita",903.618683081244,14.8134210341188,14.8134210341188,,
3427,243,2,20,20,"square_fita",372.618067684625,6.1084929128627,6.1084929128627,,
3428,255,2,20,20,"square_fita",989.313377963069,16.2182520977552,16.2182520977552,,
3429,267,2,20,20,"square_fita",884.458595148713,14.4993212319461,14.4993212319461,,
3430,279,2,20,20,"square_fita",1321.80877284435,16.3934426229508,16.3934426229508,,
3431,290,2,20,20,"square_fita",1326.67361599283,16.3934426229508,16.3934426229508,,
3432,299,2,20,20,"square_fita",460.1992872064,7.54425060994098,7.54425060994098,,
3433,308,2,20,20,"square_fita",865.05474384438,14.1812253089243,14.1812253089243,,
3434,317,2,20,20,"square_fita",505.221154594264,8.28231400974203,8.28231400974203,,
3435,326,2,20,20,"square_fita",71.6121013049808,1.17396887385214,1.17396887385214,,
3436,337,2,20,20,"square_fita",227.406360595244,3.7279731245122,3.7279731245122,,
3438,357,2,20,20,"square_fita",974.243329705214,15.971202126315,15.971202126315,,
3440,377,2,20,20,"square_fita",617.349609886603,10.1204854079771,10.1204854079771,,
3441,387,2,20,20,"square_fita",87.0437495365788,1.42694671371441,1.42694671371441,,
3442,397,2,20,20,"square_fita",868.877445571926,14.2438925503594,14.2438925503594,,
3444,415,2,20,20,"square_fita",291.303501574851,4.77546723893199,4.77546723893199,,
3446,434,2,20,20,"square_fita",288.936853379482,4.73666972753249,4.73666972753249,,
3448,454,2,20,20,"square_fita",1051.46664727916,16.3934426229508,16.3934426229508,,
3449,464,2,20,20,"square_fita",385.9623068289,6.32725093162131,6.32725093162131,,
3450,473,2,20,20,"square_fita",193.831677743151,3.17756848759263,3.17756848759263,,
3451,484,2,20,20,"square_fita",615.246416185501,10.0860068227131,10.0860068227131,,
3452,494,2,20,20,"square_fita",857.346933412069,14.0548677608536,14.0548677608536,,
3453,504,2,20,20,"square_fita",232.832628046846,3.81692832863682,3.81692832863682,,
