"year","depletion","model"
1954,0.996924372976471,"Reference"
1955,0.990303179134773,"Reference"
1956,0.98577877597364,"Reference"
1957,0.981351051989542,"Reference"
1958,0.975966306500481,"Reference"
1959,0.963809756330066,"Reference"
1960,0.952578512252473,"Reference"
1961,0.938049623907154,"Reference"
1962,0.918065916838279,"Reference"
1963,0.890716233700074,"Reference"
1964,0.869284990523822,"Reference"
1965,0.866904146316212,"Reference"
1966,0.855425669898783,"Reference"
1967,0.825296462117441,"Reference"
1968,0.784718961456113,"Reference"
1969,0.759421515631149,"Reference"
1970,0.743563632106971,"Reference"
1971,0.713645237484005,"Reference"
1972,0.681388131623728,"Reference"
1973,0.642418370662253,"Reference"
1974,0.607520145002937,"Reference"
1975,0.614840142864902,"Reference"
1976,0.669404101074095,"Reference"
1977,0.711265221476001,"Reference"
1978,0.715608032782309,"Reference"
1979,0.700778628650069,"Reference"
1980,0.676310909073571,"Reference"
1981,0.640354100690459,"Reference"
1982,0.627799886902226,"Reference"
1983,0.652548326614445,"Reference"
1984,0.68080553638533,"Reference"
1985,0.695693093863639,"Reference"
1986,0.689954199675352,"Reference"
1987,0.679336599147198,"Reference"
1988,0.661976239111717,"Reference"
1989,0.635508438463113,"Reference"
1990,0.636818710475566,"Reference"
1991,0.635235146962726,"Reference"
1992,0.634430177960873,"Reference"
1993,0.638900215957631,"Reference"
1994,0.637781286947313,"Reference"
1995,0.646370734761608,"Reference"
1996,0.652231990661402,"Reference"
1997,0.663380488880837,"Reference"
1998,0.653840251969026,"Reference"
1999,0.648278791508346,"Reference"
2000,0.63241854429045,"Reference"
2001,0.60040970885715,"Reference"
2002,0.565252312736127,"Reference"
2003,0.535221725999121,"Reference"
2004,0.525538115510552,"Reference"
2005,0.542006512071403,"Reference"
2006,0.547146256989939,"Reference"
2007,0.536827121823333,"Reference"
2008,0.524304353587817,"Reference"
2009,0.511153752978661,"Reference"
2010,0.501882761649498,"Reference"
2011,0.50640987102095,"Reference"
2012,0.509172787261542,"Reference"
2013,0.501701358608563,"Reference"
2014,0.508445203832983,"Reference"
2015,0.496520635667687,"Reference"
2016,0.476957498262039,"Reference"
2017,0.457054786076381,"Reference"
2018,0.45144001169523,"Reference"
2019,0.434747840377849,"Reference"
2020,0.416085411679199,"Reference"
2021,0.425443492856604,"Reference"
2022,0.457686299223471,"Reference"
1954,0.958044322430388,"Lower"
1955,0.950356096482322,"Lower"
1956,0.944694995810268,"Lower"
1957,0.939138525120875,"Lower"
1958,0.932679330318048,"Lower"
1959,0.919772154669514,"Lower"
1960,0.90777930516154,"Lower"
1961,0.892678370774351,"Lower"
1962,0.87243264038367,"Lower"
1963,0.845250409476942,"Lower"
1964,0.823749797343736,"Lower"
1965,0.820333545632489,"Lower"
1966,0.808326938897297,"Lower"
1967,0.778752168996553,"Lower"
1968,0.73941298141675,"Lower"
1969,0.714559806391585,"Lower"
1970,0.698643640920273,"Lower"
1971,0.669577644069368,"Lower"
1972,0.638400556849231,"Lower"
1973,0.601029622399439,"Lower"
1974,0.567566761349214,"Lower"
1975,0.573582560925306,"Lower"
1976,0.623589296862347,"Lower"
1977,0.661633552712713,"Lower"
1978,0.664715673274438,"Lower"
1979,0.650003094777144,"Lower"
1980,0.626403142283406,"Lower"
1981,0.592242790390053,"Lower"
1982,0.579791660256762,"Lower"
1983,0.601774309024489,"Lower"
1984,0.626921780549656,"Lower"
1985,0.639700030588409,"Lower"
1986,0.633499711925445,"Lower"
1987,0.622841768732824,"Lower"
1988,0.606039246906777,"Lower"
1989,0.580957515590919,"Lower"
1990,0.581303102891755,"Lower"
1991,0.579007494763187,"Lower"
1992,0.577424760499977,"Lower"
1993,0.580638153617142,"Lower"
1994,0.578767759631541,"Lower"
1995,0.585697434761853,"Lower"
1996,0.590135668491668,"Lower"
1997,0.599335004917562,"Lower"
1998,0.589840829658646,"Lower"
1999,0.583956188474422,"Lower"
2000,0.568823279498419,"Lower"
2001,0.539229725435514,"Lower"
2002,0.506898323980132,"Lower"
2003,0.479251701093536,"Lower"
2004,0.469877446276625,"Lower"
2005,0.483876313651745,"Lower"
2006,0.48773261049562,"Lower"
2007,0.477815611005253,"Lower"
2008,0.465967783893031,"Lower"
2009,0.453596336999872,"Lower"
2010,0.444697649336846,"Lower"
2011,0.448031238977814,"Lower"
2012,0.449794254864718,"Lower"
2013,0.442522732176221,"Lower"
2014,0.447790681869848,"Lower"
2015,0.436624183103246,"Lower"
2016,0.418782711635784,"Lower"
2017,0.400695898116815,"Lower"
2018,0.39516934200216,"Lower"
2019,0.379976005840834,"Lower"
2020,0.363107948527456,"Lower"
2021,0.370705182283039,"Lower"
2022,0.398187080324419,"Lower"
1954,1.03580442352255,"Upper"
1955,1.03025026178722,"Upper"
1956,1.02686255613701,"Upper"
1957,1.02356357885821,"Upper"
1958,1.01925328268291,"Upper"
1959,1.00784735799062,"Upper"
1960,0.997377719343405,"Upper"
1961,0.983420877039957,"Upper"
1962,0.963699193292888,"Upper"
1963,0.936182057923206,"Upper"
1964,0.914820183703908,"Upper"
1965,0.913474746999934,"Upper"
1966,0.902524400900269,"Upper"
1967,0.871840755238329,"Upper"
1968,0.830024941495476,"Upper"
1969,0.804283224870712,"Upper"
1970,0.788483623293668,"Upper"
1971,0.757712830898642,"Upper"
1972,0.724375706398225,"Upper"
1973,0.683807118925066,"Upper"
1974,0.64747352865666,"Upper"
1975,0.656097724804498,"Upper"
1976,0.715218905285843,"Upper"
1977,0.76089689023929,"Upper"
1978,0.766500392290181,"Upper"
1979,0.751554162522994,"Upper"
1980,0.726218675863735,"Upper"
1981,0.688465410990864,"Upper"
1982,0.675808113547691,"Upper"
1983,0.703322344204402,"Upper"
1984,0.734689292221005,"Upper"
1985,0.75168615713887,"Upper"
1986,0.746408687425258,"Upper"
1987,0.735831429561572,"Upper"
1988,0.717913231316658,"Upper"
1989,0.690059361335307,"Upper"
1990,0.692334318059377,"Upper"
1991,0.691462799162265,"Upper"
1992,0.691435595421769,"Upper"
1993,0.69716227829812,"Upper"
1994,0.696794814263085,"Upper"
1995,0.707044034761363,"Upper"
1996,0.714328312831136,"Upper"
1997,0.727425972844112,"Upper"
1998,0.717839674279406,"Upper"
1999,0.71260139454227,"Upper"
2000,0.696013809082481,"Upper"
2001,0.661589692278785,"Upper"
2002,0.623606301492121,"Upper"
2003,0.591191750904705,"Upper"
2004,0.581198784744478,"Upper"
2005,0.600136710491061,"Upper"
2006,0.606559903484258,"Upper"
2007,0.595838632641412,"Upper"
2008,0.582640923282602,"Upper"
2009,0.568711168957449,"Upper"
2010,0.559067873962149,"Upper"
2011,0.564788503064086,"Upper"
2012,0.568551319658366,"Upper"
2013,0.560879985040906,"Upper"
2014,0.569099725796118,"Upper"
2015,0.556417088232129,"Upper"
2016,0.535132284888295,"Upper"
2017,0.513413674035947,"Upper"
2018,0.507710681388301,"Upper"
2019,0.489519674914865,"Upper"
2020,0.469062874830942,"Upper"
2021,0.480181803430169,"Upper"
2022,0.517185518122522,"Upper"
