"time","metric","facet","value","unit","definition"
1954,"total_biomass","all",2629212.16744024,"t","Start-year biomass in the surplus-production demonstration"
1955,"total_biomass","all",2439243.59375858,"t","Start-year biomass in the surplus-production demonstration"
1956,"total_biomass","all",2373044.63759968,"t","Start-year biomass in the surplus-production demonstration"
1957,"total_biomass","all",2231631.75891703,"t","Start-year biomass in the surplus-production demonstration"
1958,"total_biomass","all",2088728.75589862,"t","Start-year biomass in the surplus-production demonstration"
1959,"total_biomass","all",1827103.4745734,"t","Start-year biomass in the surplus-production demonstration"
1960,"total_biomass","all",1592090.05023186,"t","Start-year biomass in the surplus-production demonstration"
1961,"total_biomass","all",1483463.06848343,"t","Start-year biomass in the surplus-production demonstration"
1962,"total_biomass","all",1463136.28663158,"t","Start-year biomass in the surplus-production demonstration"
1963,"total_biomass","all",1444839.26880619,"t","Start-year biomass in the surplus-production demonstration"
1964,"total_biomass","all",1283743.15173208,"t","Start-year biomass in the surplus-production demonstration"
1965,"total_biomass","all",1139397.3197234,"t","Start-year biomass in the surplus-production demonstration"
1966,"total_biomass","all",1079265.86847705,"t","Start-year biomass in the surplus-production demonstration"
1967,"total_biomass","all",981591.264136116,"t","Start-year biomass in the surplus-production demonstration"
1968,"total_biomass","all",893195.470846237,"t","Start-year biomass in the surplus-production demonstration"
1969,"total_biomass","all",816254.188036296,"t","Start-year biomass in the surplus-production demonstration"
1970,"total_biomass","all",745069.448665307,"t","Start-year biomass in the surplus-production demonstration"
1971,"total_biomass","all",680459.154042623,"t","Start-year biomass in the surplus-production demonstration"
1972,"total_biomass","all",647292.402968742,"t","Start-year biomass in the surplus-production demonstration"
1973,"total_biomass","all",698995.181257147,"t","Start-year biomass in the surplus-production demonstration"
1974,"total_biomass","all",788058.072154534,"t","Start-year biomass in the surplus-production demonstration"
1975,"total_biomass","all",771171.542876747,"t","Start-year biomass in the surplus-production demonstration"
1976,"total_biomass","all",731420.904722606,"t","Start-year biomass in the surplus-production demonstration"
1977,"total_biomass","all",691286.380094281,"t","Start-year biomass in the surplus-production demonstration"
1978,"total_biomass","all",654099.633256352,"t","Start-year biomass in the surplus-production demonstration"
1979,"total_biomass","all",646217.457369182,"t","Start-year biomass in the surplus-production demonstration"
1980,"total_biomass","all",668645.950750853,"t","Start-year biomass in the surplus-production demonstration"
1981,"total_biomass","all",661778.973461151,"t","Start-year biomass in the surplus-production demonstration"
1982,"total_biomass","all",645225.420719946,"t","Start-year biomass in the surplus-production demonstration"
1983,"total_biomass","all",662557.676076719,"t","Start-year biomass in the surplus-production demonstration"
1984,"total_biomass","all",666270.387235746,"t","Start-year biomass in the surplus-production demonstration"
1985,"total_biomass","all",631905.717081806,"t","Start-year biomass in the surplus-production demonstration"
1986,"total_biomass","all",634521.012056226,"t","Start-year biomass in the surplus-production demonstration"
1987,"total_biomass","all",660553.513456794,"t","Start-year biomass in the surplus-production demonstration"
1988,"total_biomass","all",697186.469851162,"t","Start-year biomass in the surplus-production demonstration"
1989,"total_biomass","all",710962.789316669,"t","Start-year biomass in the surplus-production demonstration"
1990,"total_biomass","all",696184.793527537,"t","Start-year biomass in the surplus-production demonstration"
1991,"total_biomass","all",751341.270984863,"t","Start-year biomass in the surplus-production demonstration"
1992,"total_biomass","all",766356.606876046,"t","Start-year biomass in the surplus-production demonstration"
1993,"total_biomass","all",791957.678992164,"t","Start-year biomass in the surplus-production demonstration"
1994,"total_biomass","all",837123.798495473,"t","Start-year biomass in the surplus-production demonstration"
1995,"total_biomass","all",880019.824408044,"t","Start-year biomass in the surplus-production demonstration"
1996,"total_biomass","all",833600.648845649,"t","Start-year biomass in the surplus-production demonstration"
1997,"total_biomass","all",798553.028388876,"t","Start-year biomass in the surplus-production demonstration"
1998,"total_biomass","all",778382.481446724,"t","Start-year biomass in the surplus-production demonstration"
1999,"total_biomass","all",838710.356782925,"t","Start-year biomass in the surplus-production demonstration"
2000,"total_biomass","all",791837.191130741,"t","Start-year biomass in the surplus-production demonstration"
2001,"total_biomass","all",867509.348325565,"t","Start-year biomass in the surplus-production demonstration"
2002,"total_biomass","all",922761.025682003,"t","Start-year biomass in the surplus-production demonstration"
2003,"total_biomass","all",944920.916726232,"t","Start-year biomass in the surplus-production demonstration"
2004,"total_biomass","all",888439.174316226,"t","Start-year biomass in the surplus-production demonstration"
2005,"total_biomass","all",875478.61245475,"t","Start-year biomass in the surplus-production demonstration"
2006,"total_biomass","all",919131.945727672,"t","Start-year biomass in the surplus-production demonstration"
2007,"total_biomass","all",976431.246862316,"t","Start-year biomass in the surplus-production demonstration"
2008,"total_biomass","all",957283.500213495,"t","Start-year biomass in the surplus-production demonstration"
2009,"total_biomass","all",996293.445550041,"t","Start-year biomass in the surplus-production demonstration"
2010,"total_biomass","all",1033093.96115745,"t","Start-year biomass in the surplus-production demonstration"
2011,"total_biomass","all",1059358.06736422,"t","Start-year biomass in the surplus-production demonstration"
2012,"total_biomass","all",1023011.97709071,"t","Start-year biomass in the surplus-production demonstration"
2013,"total_biomass","all",1006263.689693,"t","Start-year biomass in the surplus-production demonstration"
2014,"total_biomass","all",1001765.12762696,"t","Start-year biomass in the surplus-production demonstration"
2015,"total_biomass","all",959945.242014503,"t","Start-year biomass in the surplus-production demonstration"
2016,"total_biomass","all",885001.780056767,"t","Start-year biomass in the surplus-production demonstration"
2017,"total_biomass","all",834253.332583814,"t","Start-year biomass in the surplus-production demonstration"
2018,"total_biomass","all",902174.904926772,"t","Start-year biomass in the surplus-production demonstration"
2019,"total_biomass","all",932259.14971217,"t","Start-year biomass in the surplus-production demonstration"
2020,"total_biomass","all",942989.505497817,"t","Start-year biomass in the surplus-production demonstration"
2021,"total_biomass","all",943085.264619774,"t","Start-year biomass in the surplus-production demonstration"
2022,"total_biomass","all",902918.314809643,"t","Start-year biomass in the surplus-production demonstration"
1954,"biomass_depletion","all",0.833333333333333,"ratio","Start-year biomass divided by the demonstration carrying capacity K"
1955,"biomass_depletion","all",0.773122466102774,"ratio","Start-year biomass divided by the demonstration carrying capacity K"
1956,"biomass_depletion","all",0.752140592717943,"ratio","Start-year biomass divided by the demonstration carrying capacity K"
1957,"biomass_depletion","all",0.707319536803081,"ratio","Start-year biomass divided by the demonstration carrying capacity K"
1958,"biomass_depletion","all",0.662026183408702,"ratio","Start-year biomass divided by the demonstration carrying capacity K"
1959,"biomass_depletion","all",0.579103599042573,"ratio","Start-year biomass divided by the demonstration carrying capacity K"
1960,"biomass_depletion","all",0.504615688667774,"ratio","Start-year biomass divided by the demonstration carrying capacity K"
1961,"biomass_depletion","all",0.470186179360242,"ratio","Start-year biomass divided by the demonstration carrying capacity K"
1962,"biomass_depletion","all",0.46374357077722,"ratio","Start-year biomass divided by the demonstration carrying capacity K"
1963,"biomass_depletion","all",0.457944299404862,"ratio","Start-year biomass divided by the demonstration carrying capacity K"
1964,"biomass_depletion","all",0.406884607117217,"ratio","Start-year biomass divided by the demonstration carrying capacity K"
1965,"biomass_depletion","all",0.361133946584683,"ratio","Start-year biomass divided by the demonstration carrying capacity K"
1966,"biomass_depletion","all",0.342075179351733,"ratio","Start-year biomass divided by the demonstration carrying capacity K"
1967,"biomass_depletion","all",0.31111704496249,"ratio","Start-year biomass divided by the demonstration carrying capacity K"
1968,"biomass_depletion","all",0.283099845747024,"ratio","Start-year biomass divided by the demonstration carrying capacity K"
1969,"biomass_depletion","all",0.258713173393619,"ratio","Start-year biomass divided by the demonstration carrying capacity K"
1970,"biomass_depletion","all",0.236151047416451,"ratio","Start-year biomass divided by the demonstration carrying capacity K"
1971,"biomass_depletion","all",0.215672703046856,"ratio","Start-year biomass divided by the demonstration carrying capacity K"
1972,"biomass_depletion","all",0.205160444062773,"ratio","Start-year biomass divided by the demonstration carrying capacity K"
1973,"biomass_depletion","all",0.221547728857525,"ratio","Start-year biomass divided by the demonstration carrying capacity K"
1974,"biomass_depletion","all",0.249776365810807,"ratio","Start-year biomass divided by the demonstration carrying capacity K"
1975,"biomass_depletion","all",0.244424151217494,"ratio","Start-year biomass divided by the demonstration carrying capacity K"
1976,"biomass_depletion","all",0.231825117862431,"ratio","Start-year biomass divided by the demonstration carrying capacity K"
1977,"biomass_depletion","all",0.219104411026956,"ratio","Start-year biomass divided by the demonstration carrying capacity K"
1978,"biomass_depletion","all",0.207318007448714,"ratio","Start-year biomass divided by the demonstration carrying capacity K"
1979,"biomass_depletion","all",0.204819738200109,"ratio","Start-year biomass divided by the demonstration carrying capacity K"
1980,"biomass_depletion","all",0.211928487879139,"ratio","Start-year biomass divided by the demonstration carrying capacity K"
1981,"biomass_depletion","all",0.209751987577787,"ratio","Start-year biomass divided by the demonstration carrying capacity K"
1982,"biomass_depletion","all",0.204505310472315,"ratio","Start-year biomass divided by the demonstration carrying capacity K"
1983,"biomass_depletion","all",0.20999879871549,"ratio","Start-year biomass divided by the demonstration carrying capacity K"
1984,"biomass_depletion","all",0.211175548923849,"ratio","Start-year biomass divided by the demonstration carrying capacity K"
1985,"biomass_depletion","all",0.20028360742026,"ratio","Start-year biomass divided by the demonstration carrying capacity K"
1986,"biomass_depletion","all",0.20111252967525,"ratio","Start-year biomass divided by the demonstration carrying capacity K"
1987,"biomass_depletion","all",0.209363575914802,"ratio","Start-year biomass divided by the demonstration carrying capacity K"
1988,"biomass_depletion","all",0.220974454656358,"ratio","Start-year biomass divided by the demonstration carrying capacity K"
1989,"biomass_depletion","all",0.225340882882815,"ratio","Start-year biomass divided by the demonstration carrying capacity K"
1990,"biomass_depletion","all",0.220656971617132,"ratio","Start-year biomass divided by the demonstration carrying capacity K"
1991,"biomass_depletion","all",0.238138912323039,"ratio","Start-year biomass divided by the demonstration carrying capacity K"
1992,"biomass_depletion","all",0.242898048943611,"ratio","Start-year biomass divided by the demonstration carrying capacity K"
1993,"biomass_depletion","all",0.251012352926999,"ratio","Start-year biomass divided by the demonstration carrying capacity K"
1994,"biomass_depletion","all",0.265327832440419,"ratio","Start-year biomass divided by the demonstration carrying capacity K"
1995,"biomass_depletion","all",0.278923801873071,"ratio","Start-year biomass divided by the demonstration carrying capacity K"
1996,"biomass_depletion","all",0.264211164079501,"ratio","Start-year biomass divided by the demonstration carrying capacity K"
1997,"biomass_depletion","all",0.253102760298957,"ratio","Start-year biomass divided by the demonstration carrying capacity K"
1998,"biomass_depletion","all",0.246709670640155,"ratio","Start-year biomass divided by the demonstration carrying capacity K"
1999,"biomass_depletion","all",0.265830694827328,"ratio","Start-year biomass divided by the demonstration carrying capacity K"
2000,"biomass_depletion","all",0.250974164091412,"ratio","Start-year biomass divided by the demonstration carrying capacity K"
2001,"biomass_depletion","all",0.274958584891153,"ratio","Start-year biomass divided by the demonstration carrying capacity K"
2002,"biomass_depletion","all",0.292470699369357,"ratio","Start-year biomass divided by the demonstration carrying capacity K"
2003,"biomass_depletion","all",0.299494315074045,"ratio","Start-year biomass divided by the demonstration carrying capacity K"
2004,"biomass_depletion","all",0.281592329354562,"ratio","Start-year biomass divided by the demonstration carrying capacity K"
2005,"biomass_depletion","all",0.277484456908341,"ratio","Start-year biomass divided by the demonstration carrying capacity K"
2006,"biomass_depletion","all",0.291320456215637,"ratio","Start-year biomass divided by the demonstration carrying capacity K"
2007,"biomass_depletion","all",0.30948156858364,"ratio","Start-year biomass divided by the demonstration carrying capacity K"
2008,"biomass_depletion","all",0.303412657242711,"ratio","Start-year biomass divided by the demonstration carrying capacity K"
2009,"biomass_depletion","all",0.315776926731128,"ratio","Start-year biomass divided by the demonstration carrying capacity K"
2010,"biomass_depletion","all",0.32744091365439,"ratio","Start-year biomass divided by the demonstration carrying capacity K"
2011,"biomass_depletion","all",0.335765367436915,"ratio","Start-year biomass divided by the demonstration carrying capacity K"
2012,"biomass_depletion","all",0.32424541140737,"ratio","Start-year biomass divided by the demonstration carrying capacity K"
2013,"biomass_depletion","all",0.318937012816492,"ratio","Start-year biomass divided by the demonstration carrying capacity K"
2014,"biomass_depletion","all",0.317511185807124,"ratio","Start-year biomass divided by the demonstration carrying capacity K"
2015,"biomass_depletion","all",0.304256300899536,"ratio","Start-year biomass divided by the demonstration carrying capacity K"
2016,"biomass_depletion","all",0.280502841312597,"ratio","Start-year biomass divided by the demonstration carrying capacity K"
2017,"biomass_depletion","all",0.264418033316557,"ratio","Start-year biomass divided by the demonstration carrying capacity K"
2018,"biomass_depletion","all",0.285945892873401,"ratio","Start-year biomass divided by the demonstration carrying capacity K"
2019,"biomass_depletion","all",0.2954811461703,"ratio","Start-year biomass divided by the demonstration carrying capacity K"
2020,"biomass_depletion","all",0.298882150952433,"ratio","Start-year biomass divided by the demonstration carrying capacity K"
2021,"biomass_depletion","all",0.298912501971375,"ratio","Start-year biomass divided by the demonstration carrying capacity K"
2022,"biomass_depletion","all",0.286181517918576,"ratio","Start-year biomass divided by the demonstration carrying capacity K"
