"id","parent","change"
"fixed-catch-1",,"No change description supplied"
"fixed-catch-2",,"No change description supplied"
"fixed-catch-3",,"No change description supplied"
"fixed-catch-4",,"No change description supplied"
"fixed-catch-5",,"No change description supplied"
"fixed-catch-6",,"No change description supplied"
"fixed-catch-7",,"No change description supplied"
"fixed-catch-8",,"No change description supplied"
"fixed-catch-9",,"No change description supplied"
"fixed-catch-10",,"No change description supplied"
"fixed-catch-11",,"No change description supplied"
"fixed-catch-12",,"No change description supplied"
"fixed-catch-13",,"No change description supplied"
"fixed-catch-14",,"No change description supplied"
"fixed-catch-15",,"No change description supplied"
"fixed-catch-16",,"No change description supplied"
"fixed-catch-17",,"No change description supplied"
"fixed-catch-18",,"No change description supplied"
"fixed-catch-19",,"No change description supplied"
"fixed-catch-20",,"No change description supplied"
"lower-F-1",,"No change description supplied"
"lower-F-2",,"No change description supplied"
"lower-F-3",,"No change description supplied"
"lower-F-4",,"No change description supplied"
"lower-F-5",,"No change description supplied"
"lower-F-6",,"No change description supplied"
"lower-F-7",,"No change description supplied"
"lower-F-8",,"No change description supplied"
"lower-F-9",,"No change description supplied"
"lower-F-10",,"No change description supplied"
"lower-F-11",,"No change description supplied"
"lower-F-12",,"No change description supplied"
"lower-F-13",,"No change description supplied"
"lower-F-14",,"No change description supplied"
"lower-F-15",,"No change description supplied"
"lower-F-16",,"No change description supplied"
"lower-F-17",,"No change description supplied"
"lower-F-18",,"No change description supplied"
"lower-F-19",,"No change description supplied"
"lower-F-20",,"No change description supplied"
"higher-F-1",,"No change description supplied"
"higher-F-2",,"No change description supplied"
"higher-F-3",,"No change description supplied"
"higher-F-4",,"No change description supplied"
"higher-F-5",,"No change description supplied"
"higher-F-6",,"No change description supplied"
"higher-F-7",,"No change description supplied"
"higher-F-8",,"No change description supplied"
"higher-F-9",,"No change description supplied"
"higher-F-10",,"No change description supplied"
"higher-F-11",,"No change description supplied"
"higher-F-12",,"No change description supplied"
"higher-F-13",,"No change description supplied"
"higher-F-14",,"No change description supplied"
"higher-F-15",,"No change description supplied"
"higher-F-16",,"No change description supplied"
"higher-F-17",,"No change description supplied"
"higher-F-18",,"No change description supplied"
"higher-F-19",,"No change description supplied"
"higher-F-20",,"No change description supplied"
